"Id","Name","ParentId","Industry","Parent.Name"
"ZJJOXA4CIOTQGO1QLV","Apex Analytics","#N/A","Real Estate","#N/A"
"7EBEK1E0SZ15U40GME","Apex Capital","#N/A","Consulting","#N/A"
"CZJMDLKEVYNASBMML8","Apex Corp","#N/A","Manufacturing","#N/A"
"KTVKVWH3X2GD8FSDBV","Apex Digital","#N/A","Healthcare","#N/A"
"CJDUD3UYO5GWHAXXUE","Apex Dynamics","#N/A","Energy","#N/A"
"LLKSLHCOSUC5NCCCYP","Apex Enterprises","#N/A","Consulting","#N/A"
"STE1ZMOIZQV9GNHNP0","Apex Global","#N/A","Media","#N/A"
"SPYOWFMSBF2UC5KFCL","Apex Group","#N/A","Manufacturing","#N/A"
"VDKYXSPO6MBWF4QJ2Z","Apex Industries","#N/A","Real Estate","#N/A"
"RDSJ8ADY8629VZXHLA","Apex Innovations","#N/A","Media","#N/A"
"NRJXZ9TDA1YCW6TGGI","Apex Labs","#N/A","Media","#N/A"
"H9B0VHLHGWUGV4BKCF","Apex Logic","#N/A","Retail","#N/A"
"WKB1HQMMM4MWL56TRQ","Apex Networks","#N/A","Technology","#N/A"
"1E0ZXS1K3NJLTQ4BFL","Apex Partners","#N/A","Energy","#N/A"
"5BOMBWZ96AT2KNNJHW","Apex Services","#N/A","Manufacturing","#N/A"
"8SELIXVROIJK6IY6DO","Apex Solutions","#N/A","Manufacturing","#N/A"
"DOE4QBAI7OVMKUGSP9","Apex Systems","#N/A","Education","#N/A"
"IH96SQV5MJZU41FQ08","Apex Technologies","#N/A","Energy","#N/A"
"NEXZHVLM0LDJQHNVXT","Apex Ventures","#N/A","Real Estate","#N/A"
"L1LRWYYTCVJIAYRLOE","Apex Works","#N/A","Manufacturing","#N/A"
"3U02RCOFE1ERB4FESL","Atlas Analytics","#N/A","Real Estate","#N/A"
"VYGX4GZMHLHNRAEG5I","Atlas Capital","#N/A","Financial Services","#N/A"
"P34JR2BZJWHBBOCZUO","Atlas Corp","#N/A","Real Estate","#N/A"
"FYSF63AOAWSIMYV9OS","Atlas Digital","#N/A","Technology","#N/A"
"SETP7KUESLHEGELHPD","Atlas Dynamics","#N/A","Energy","#N/A"
"7HUATDXM583HV9NQQX","Atlas Enterprises","#N/A","Technology","#N/A"
"JP9VVX0FPLQRBPUQ31","Atlas Global","#N/A","Technology","#N/A"
"DN8Q3JK4NB8GYWXV3G","Atlas Group","#N/A","Media","#N/A"
"DKIKXC7J0PSDDRMX5B","Atlas Industries","#N/A","Consulting","#N/A"
"BOMDDVJ01WZUJ0XAFG","Atlas Innovations","#N/A","Technology","#N/A"
"2XFHFE6VLL8XUO4QWH","Atlas Labs","#N/A","Energy","#N/A"
"BPCAAM1O1R0LKA87JB","Atlas Logic","#N/A","Consulting","#N/A"
"PHZK9FLQFUUGMVWKCB","Atlas Networks","#N/A","Energy","#N/A"
"YO0XGD4XYTO2S51ZR4","Atlas Partners","#N/A","Media","#N/A"
"9RIWFW6QZ809UKK01A","Atlas Services","#N/A","Healthcare","#N/A"
"G7MYOIW1ZZVIJ3856H","Atlas Solutions","#N/A","Media","#N/A"
"BECLGRT1OQMZLQ9QRS","Atlas Systems","#N/A","Media","#N/A"
"JFRYWVX0HK6LYVQY30","Atlas Technologies","#N/A","Manufacturing","#N/A"
"DUNLX76FXSJYFVDVNZ","Atlas Ventures","#N/A","Healthcare","#N/A"
"GKYHSLRBBOJKDQKBYP","Atlas Works","#N/A","Consulting","#N/A"
"A0V0KAVJCRU3DUV9CE","Cascade Analytics","#N/A","Technology","#N/A"
"RIARYQ9FCXJDQOI5RN","Cascade Capital","#N/A","Energy","#N/A"
"UAJ0JJBPTZPEYYGQMJ","Cascade Corp","#N/A","Manufacturing","#N/A"
"F9ANFQQ6IR15ASYUFM","Cascade Digital","#N/A","Financial Services","#N/A"
"J55NWPHDPSUII56DZT","Cascade Dynamics","#N/A","Education","#N/A"
"ZAJ92Z8GNRGWF4KBBS","Cascade Enterprises","#N/A","Retail","#N/A"
"5P1AYMRO17RMNAEHDL","Cascade Global","#N/A","Manufacturing","#N/A"
"TQ6M9UPMOOE5A4NVNF","Cascade Group","#N/A","Healthcare","#N/A"
"JQ2QJLRNPLYCMZTPTT","Cascade Industries","#N/A","Technology","#N/A"
"TNCVKCDBHPYVZLNZMC","Cascade Innovations","#N/A","Media","#N/A"
"XGCOF6GVSVLEMRS8FB","Cascade Labs","#N/A","Retail","#N/A"
"WAD0QBPYA2FLOLH1TQ","Cascade Logic","#N/A","Financial Services","#N/A"
"GTWKADTY0YSG1W89SM","Cascade Networks","#N/A","Media","#N/A"
"ESCJBOJP0TAWZRXIR7","Cascade Partners","#N/A","Real Estate","#N/A"
"TOLIHA88QK5YDS1OJB","Cascade Services","#N/A","Real Estate","#N/A"
"JWOPUSKZ2A3PZHXRRA","Cascade Solutions","#N/A","Technology","#N/A"
"69TKZIDOS2IJCDHBT1","Cascade Systems","#N/A","Media","#N/A"
"GOBWEWHIGF475GUSEN","Cascade Technologies","#N/A","Media","#N/A"
"FSQYLLWTUFSB3A7JEA","Cascade Ventures","#N/A","Financial Services","#N/A"
"DMBXGFZPZQJUHPKRY9","Cascade Works","#N/A","Energy","#N/A"
"5FRCVDTZP4OUPRLELW","Catalyst Analytics","#N/A","Financial Services","#N/A"
"1GSOXJV7WVVLUTPHVT","Catalyst Capital","#N/A","Education","#N/A"
"YNWMVH5XKKHCAOMYYP","Catalyst Corp","#N/A","Media","#N/A"
"CYVM7S9EXFPQG9APL5","Catalyst Digital","#N/A","Technology","#N/A"
"LZRRE0VNIKS3FI1WW6","Catalyst Dynamics","#N/A","Healthcare","#N/A"
"0AXOMFOCEQU3UHDIWX","Catalyst Enterprises","#N/A","Energy","#N/A"
"UNEXROUUKCGFNBYNYP","Catalyst Global","#N/A","Education","#N/A"
"2I96PATYXNUGWTKCES","Catalyst Group","#N/A","Consulting","#N/A"
"Y6K71BN5VV7RYJUHBC","Catalyst Industries","#N/A","Technology","#N/A"
"TXOUYA1FWNWBG8WG1M","Catalyst Innovations","#N/A","Retail","#N/A"
"DZFL7CJJYRCSH2WTPI","Catalyst Labs","#N/A","Energy","#N/A"
"BYEW1B0TXFVRNPWDFC","Catalyst Logic","#N/A","Retail","#N/A"
"TBGDMKY82WGBYSGHX7","Catalyst Networks","#N/A","Real Estate","#N/A"
"RBORSPFUIUXVHT2ULE","Catalyst Partners","#N/A","Consulting","#N/A"
"HOCTSGRD9KTON0RPVN","Catalyst Services","#N/A","Real Estate","#N/A"
"QANHICAJMU9ERPOIEV","Catalyst Solutions","#N/A","Manufacturing","#N/A"
"ZT0SYCSYUAJBUOUTK6","Catalyst Systems","#N/A","Healthcare","#N/A"
"9O32XNWH7M6TB3VJUK","Catalyst Technologies","#N/A","Real Estate","#N/A"
"PBXNSW1NYVWABRMMOW","Catalyst Ventures","#N/A","Education","#N/A"
"6DXQ11M1LVCPR6JQGS","Catalyst Works","#N/A","Technology","#N/A"
"VTGIAQRPKXXY4K8RT2","Cipher Analytics","#N/A","Consulting","#N/A"
"SHKWKWQWRVSGUKOI6D","Cipher Capital","#N/A","Education","#N/A"
"7Z9ZVZXDKQXTOGPNB3","Cipher Corp","#N/A","Technology","#N/A"
"VO1ZKG77OQRIPTIZDJ","Cipher Digital","#N/A","Healthcare","#N/A"
"FH7UXYULVG9HV3BFJC","Cipher Dynamics","#N/A","Energy","#N/A"
"Q5P4ZTYTI5FHRCLQLI","Cipher Enterprises","#N/A","Education","#N/A"
"ZIEQHGLIVIGFBREFLG","Cipher Global","#N/A","Media","#N/A"
"Q7ZB12GDJKV0BIDUUO","Cipher Group","#N/A","Real Estate","#N/A"
"QVVUP5Q9NJAC0JCLNM","Cipher Industries","#N/A","Technology","#N/A"
"LIRYVIE0UHMF706KFA","Cipher Innovations","#N/A","Education","#N/A"
"ZJYS3VPZF7DA9FVWFD","Cipher Labs","#N/A","Education","#N/A"
"P0XO0FAJNL52IA7HVD","Cipher Logic","#N/A","Financial Services","#N/A"
"D3HQ6WHE8XFANFCMP7","Cipher Networks","#N/A","Consulting","#N/A"
"TLBNXYZQSNNVFYDXIB","Cipher Partners","#N/A","Healthcare","#N/A"
"HNVR0MLAPWGGKNWSSV","Cipher Services","#N/A","Consulting","#N/A"
"QA1K21WKPCHFINFKER","Cipher Solutions","#N/A","Manufacturing","#N/A"
"IFJYR5TLLQY1XFZRYZ","Cipher Systems","#N/A","Financial Services","#N/A"
"JABYXRBCTGGROCDSFJ","Cipher Technologies","#N/A","Education","#N/A"
"ZZBESCSDUYSATGRAX2","Cipher Ventures","#N/A","Manufacturing","#N/A"
"YXVT9XUYGGTNPHLODK","Cipher Works","#N/A","Consulting","#N/A"
"FCBU9FYEJSWIVQYOSS","Cobalt Analytics","#N/A","Healthcare","#N/A"
"WANSLQETU4ACREE4VX","Cobalt Capital","#N/A","Media","#N/A"
"LGB7DNDTL4ESZGTTZX","Cobalt Corp","#N/A","Real Estate","#N/A"
"EOAVEU13DXPICRCQL5","Cobalt Digital","#N/A","Manufacturing","#N/A"
"HR8OOAPE278WUTO5WD","Cobalt Dynamics","#N/A","Manufacturing","#N/A"
"GF9WEJTJ9FLADUDNBZ","Cobalt Enterprises","#N/A","Education","#N/A"
"LWYO2PTI0TVU0ELORK","Cobalt Global","#N/A","Education","#N/A"
"LOLBW2XDHDEHCM0YN6","Cobalt Group","#N/A","Retail","#N/A"
"EZGZL7RSKAQLPUUDSW","Cobalt Industries","#N/A","Consulting","#N/A"
"GSNEORDDHGTHMMSHVD","Cobalt Innovations","#N/A","Energy","#N/A"
"VMFMROV1NMHHQTSW6Y","Cobalt Labs","#N/A","Retail","#N/A"
"V77LXUK4ML2W2RRY0O","Cobalt Logic","#N/A","Technology","#N/A"
"WQCXGZLYAYUMUPC89F","Cobalt Networks","#N/A","Healthcare","#N/A"
"L6EJ32PBWDDSCUCNEJ","Cobalt Partners","#N/A","Education","#N/A"
"EVFSNJOXW08NZLSILE","Cobalt Services","#N/A","Education","#N/A"
"RSEOIYITQBILARBJSM","Cobalt Solutions","#N/A","Media","#N/A"
"HXTHUE14AHXUKPLKWH","Cobalt Systems","#N/A","Media","#N/A"
"C9LRFZSQQWJSDAJRTN","Cobalt Technologies","#N/A","Consulting","#N/A"
"BWYHRJNFLTA2IWBZL0","Cobalt Ventures","#N/A","Consulting","#N/A"
"INLI793SUOA8TEXCVW","Cobalt Works","#N/A","Healthcare","#N/A"
"AFIFQWDGTCUM6NL7XX","Ember Analytics","#N/A","Media","#N/A"
"ZGZFV2OHMDGZLNLTTK","Ember Capital","#N/A","Consulting","#N/A"
"C4RMVTDCXTQEIWSHTF","Ember Corp","#N/A","Consulting","#N/A"
"UXYNQPOWO6MF1WWE2T","Ember Digital","#N/A","Retail","#N/A"
"GU45XGHKEQO4SFPLKK","Ember Dynamics","#N/A","Media","#N/A"
"FLD7L99KQJGQW8V1UJ","Ember Enterprises","#N/A","Real Estate","#N/A"
"UKA7X3EMQZ0L8JGL60","Ember Global","#N/A","Education","#N/A"
"QXDMTQAFDZYPEPYHMQ","Ember Group","#N/A","Healthcare","#N/A"
"3HHCQUE7UZLP7IKZKI","Ember Industries","#N/A","Manufacturing","#N/A"
"R16GM3MEWLAWDTC5C2","Ember Innovations","#N/A","Media","#N/A"
"BIZXPRVBVHQ6UQP4FK","Ember Labs","#N/A","Healthcare","#N/A"
"HNBBPBVPNUPG3AUE8Y","Ember Logic","#N/A","Healthcare","#N/A"
"8XSA17542FS7BY7Y92","Ember Networks","#N/A","Energy","#N/A"
"MTPR4DWAGZYLTTCV1H","Ember Partners","#N/A","Financial Services","#N/A"
"9GU6JQ1N3V88C19YGO","Ember Services","#N/A","Retail","#N/A"
"NNTPJR5B31PFSQ11WW","Ember Solutions","#N/A","Healthcare","#N/A"
"MRDOH2XWLZFU95Z9PN","Ember Systems","#N/A","Healthcare","#N/A"
"RXMSQWMNQVTUXZXKD6","Ember Technologies","#N/A","Financial Services","#N/A"
"E9STALJPEFWVRDP6YC","Ember Ventures","#N/A","Retail","#N/A"
"V71THPXZHQNKAMQHGY","Ember Works","#N/A","Healthcare","#N/A"
"RAINMTVIY0AHTN8HV6","Flux Analytics","#N/A","Financial Services","#N/A"
"MXPBFP8B3JIJOEIJR1","Flux Capital","#N/A","Media","#N/A"
"ZIT3HUCRIS8F4JZQJJ","Flux Corp","#N/A","Financial Services","#N/A"
"Q2L9MPMCVDDV5RI5H0","Flux Digital","#N/A","Manufacturing","#N/A"
"IFVKVWJVWPXIRLTGES","Flux Dynamics","#N/A","Consulting","#N/A"
"M00DV79WDQBBCY4AQH","Flux Enterprises","#N/A","Technology","#N/A"
"K337COFPTYMJSLFTFQ","Flux Global","#N/A","Retail","#N/A"
"OFV0ZRWSDW0NJIMBEL","Flux Group","#N/A","Energy","#N/A"
"202W3LZQ1M3NUNTCYD","Flux Industries","#N/A","Consulting","#N/A"
"DKNQQLGWTPXPEBBUVX","Flux Innovations","#N/A","Financial Services","#N/A"
"AO66FOEDHRJLFAZAUV","Flux Labs","#N/A","Media","#N/A"
"AUMIA6Y3RDSYPMNO68","Flux Logic","#N/A","Education","#N/A"
"ZMYRPS6Z27ICDK5DEA","Flux Networks","#N/A","Energy","#N/A"
"H394SITYG6XAEBPTFG","Flux Partners","#N/A","Media","#N/A"
"ZZV2FFTQI41LHHEQTX","Flux Services","#N/A","Technology","#N/A"
"MNGR1EH57HQYGYZ3JV","Flux Solutions","#N/A","Retail","#N/A"
"CSE8ADBLMBJHCA1L3Q","Flux Systems","#N/A","Manufacturing","#N/A"
"JOVDBQRABEWB8YZ6N7","Flux Technologies","#N/A","Healthcare","#N/A"
"QVEZQOC02JIKGZUYRN","Flux Ventures","#N/A","Technology","#N/A"
"SMRLLMOBUFHEQESJHT","Flux Works","#N/A","Manufacturing","#N/A"
"SAADAXTTK45YK6CPY5","Forge Analytics","#N/A","Consulting","#N/A"
"6LFUF7MMWLNYCIQRRH","Forge Capital","#N/A","Education","#N/A"
"JTJYYKC2COFXPZ3YDG","Forge Corp","#N/A","Energy","#N/A"
"GMQBY4CW7PPDYWGMBT","Forge Digital","#N/A","Real Estate","#N/A"
"JZPHOUTZTMCUFMMLBQ","Forge Dynamics","#N/A","Education","#N/A"
"IAYYM0ZITHXFBXBN5O","Forge Enterprises","#N/A","Education","#N/A"
"XOLWDBQZPQHTDIWCK0","Forge Global","#N/A","Media","#N/A"
"JECLCNWQUFSB2TPU4Y","Forge Group","#N/A","Real Estate","#N/A"
"HW3WQMLINN42H1UZRJ","Forge Industries","#N/A","Consulting","#N/A"
"IT7DFTAPWL5R6430KI","Forge Innovations","#N/A","Consulting","#N/A"
"MYJNKUOW5QL6KGXICN","Forge Labs","#N/A","Media","#N/A"
"Q2LSSCQO51UIZNW078","Forge Logic","#N/A","Media","#N/A"
"0QMJYETL7WQES0WXQT","Forge Networks","#N/A","Retail","#N/A"
"PF8YGZMHIITNKKZHJT","Forge Partners","#N/A","Real Estate","#N/A"
"NNE3AQOUMXAID8E7US","Forge Services","#N/A","Financial Services","#N/A"
"HXVE9Y9MJ7HQJUGSU2","Forge Solutions","#N/A","Retail","#N/A"
"VGU5YNQF4RZ8KBD9K8","Forge Systems","#N/A","Financial Services","#N/A"
"SPFT8OLJAKCGO0TIP2","Forge Technologies","#N/A","Retail","#N/A"
"SJE9LS6CYH3YLLCURW","Forge Ventures","#N/A","Manufacturing","#N/A"
"8GKQWQ9L72LTJOB3RL","Forge Works","#N/A","Media","#N/A"
"JRO4QBODTETYLMXU9V","Helix Analytics","#N/A","Education","#N/A"
"1M7IECHHEY0NOS0AYZ","Helix Capital","#N/A","Retail","#N/A"
"NQXOPDWNL31JICZL3U","Helix Corp","#N/A","Technology","#N/A"
"FUPHVTJI87GREKMS7P","Helix Digital","#N/A","Financial Services","#N/A"
"ECVY8BKU9TLYEH6E61","Helix Dynamics","#N/A","Education","#N/A"
"SMLI6326T5KIBAEXQR","Helix Enterprises","#N/A","Retail","#N/A"
"GNYHGOFRJEDBDINO19","Helix Global","#N/A","Media","#N/A"
"MQHMPR7HQ2JRAXRK2W","Helix Group","#N/A","Financial Services","#N/A"
"6ZJCVOOZGBKDDW8UQV","Helix Industries","#N/A","Real Estate","#N/A"
"FSH4DSHCAKEOLV7G6X","Helix Innovations","#N/A","Financial Services","#N/A"
"HMIKCGBPCVQX5UTDLE","Helix Labs","#N/A","Consulting","#N/A"
"ZIDVMLJZBESFZLA362","Helix Logic","#N/A","Retail","#N/A"
"RPMAEA5SXGMVLX7B9G","Helix Networks","#N/A","Financial Services","#N/A"
"LFBZODQOG9BT2HZPBW","Helix Partners","#N/A","Financial Services","#N/A"
"U2EUVKB8NL6OCW0FDF","Helix Services","#N/A","Financial Services","#N/A"
"AW4P6KTFPXHGZ3HQOK","Helix Solutions","#N/A","Financial Services","#N/A"
"BYKMQKP2VWV8DSI3IW","Helix Systems","#N/A","Manufacturing","#N/A"
"TFNQPL8OY05ZDWHP3Y","Helix Technologies","#N/A","Healthcare","#N/A"
"FR4AAAZAEOYTMEKTAF","Helix Ventures","#N/A","Technology","#N/A"
"VM2EYG91I3U7CFNWVL","Helix Works","#N/A","Education","#N/A"
"F6EETRPCU7HP1XDXQC","Horizon Analytics","#N/A","Real Estate","#N/A"
"DTSSAOPEGKIQAPORPF","Horizon Capital","#N/A","Financial Services","#N/A"
"59GPOKW1QEDDKNDUPR","Horizon Corp","#N/A","Media","#N/A"
"LLPGGF94MZBENHBC5Y","Horizon Digital","#N/A","Retail","#N/A"
"T9FMMB2JCXWWT8CBQ8","Horizon Dynamics","#N/A","Education","#N/A"
"RLK4ROTQDJIWEBFIRN","Horizon Enterprises","#N/A","Financial Services","#N/A"
"RFO2GXGBA2M3WYBA6W","Horizon Global","#N/A","Manufacturing","#N/A"
"BRIFNZMTHUXRAWWU2D","Horizon Group","#N/A","Consulting","#N/A"
"LPTDHHZJKSYRBTM75E","Horizon Industries","#N/A","Technology","#N/A"
"HI5Z1LVZGHRRWM0KHQ","Horizon Innovations","#N/A","Education","#N/A"
"J5C4DSO6QBMGZXNE5Z","Horizon Labs","#N/A","Education","#N/A"
"G8KNTFHIRORIGXWRIQ","Horizon Logic","#N/A","Financial Services","#N/A"
"KTNKM1TCLADHLUWVZ6","Horizon Networks","#N/A","Education","#N/A"
"IGDSXAHYPBSVEI0HSV","Horizon Partners","#N/A","Media","#N/A"
"PSBM3T5EOO55KNKRVZ","Horizon Services","#N/A","Consulting","#N/A"
"IXMQWLP3EUYOXUID3Q","Horizon Solutions","#N/A","Financial Services","#N/A"
"9MV06UAVRVJFQUANJB","Horizon Systems","#N/A","Consulting","#N/A"
"MBEUAFOA2KIYMBMZ3I","Horizon Technologies","#N/A","Retail","#N/A"
"FUOYDBYH3FEA3TEVGF","Horizon Ventures","#N/A","Healthcare","#N/A"
"9SIKQQYC2FFXCCELOA","Horizon Works","#N/A","Technology","#N/A"
"IBZ24QCHTKCUU386YP","Matrix Analytics","#N/A","Energy","#N/A"
"TX02WZT4SQ1BMBMKVP","Matrix Capital","#N/A","Media","#N/A"
"ZDRLZVBAIRBXNIYLAB","Matrix Corp","#N/A","Financial Services","#N/A"
"XAONRFNROK0IWLNSJG","Matrix Digital","#N/A","Media","#N/A"
"IJZISNGP6VWEXHSDAV","Matrix Dynamics","#N/A","Education","#N/A"
"7DIIXL77GCIR2M3BFN","Matrix Enterprises","#N/A","Financial Services","#N/A"
"AY7ZEBHOYXSLJLUGVA","Matrix Global","#N/A","Technology","#N/A"
"05RLCURSZYUFREALLZ","Matrix Group","#N/A","Consulting","#N/A"
"XQXPUVCQYARXQRS4KX","Matrix Industries","#N/A","Consulting","#N/A"
"M5JVNSRNFOCIG1LM0Q","Matrix Innovations","#N/A","Education","#N/A"
"MZ7GZDS9DPN6AGHDNG","Matrix Labs","#N/A","Retail","#N/A"
"PWFPNHOKCXQYBBBPLY","Matrix Logic","#N/A","Media","#N/A"
"9NK9LT45MAM8AVFNW5","Matrix Networks","#N/A","Retail","#N/A"
"IF6AFQ3FKWHBQJQDI7","Matrix Partners","#N/A","Real Estate","#N/A"
"4BM4JEXXWTO4LFJCMF","Matrix Services","#N/A","Financial Services","#N/A"
"4ZX3TCCSXN5KTMUDIQ","Matrix Solutions","#N/A","Real Estate","#N/A"
"B0TZFQOFDRM8I3WLTX","Matrix Systems","#N/A","Media","#N/A"
"0X1HACUM605PZLJHVR","Matrix Technologies","#N/A","Education","#N/A"
"IZUAQ5IZHOGVPBFJ4H","Matrix Ventures","#N/A","Healthcare","#N/A"
"OAKVUBYWF1WLIP8AJQ","Matrix Works","#N/A","Media","#N/A"
"CKM1PWUVLSCEXMSGBN","Meridian Analytics","#N/A","Technology","#N/A"
"4OGEYNSXQ7DOUUGJDH","Meridian Capital","#N/A","Financial Services","#N/A"
"JHIJDYGIV9OACIJP7O","Meridian Corp","#N/A","Consulting","#N/A"
"HJT8ESNTMSYE4ZAJIN","Meridian Digital","#N/A","Healthcare","#N/A"
"JTDC1FSCD6OQHL1Z7M","Meridian Dynamics","#N/A","Retail","#N/A"
"4VZGKK4ZKUHUEZFBSP","Meridian Enterprises","#N/A","Technology","#N/A"
"YPA4QEITFXBXUAIE15","Meridian Global","#N/A","Energy","#N/A"
"D3OJ7KHJFJRJOFEWKO","Meridian Group","#N/A","Real Estate","#N/A"
"BOYUMQ6LIHHJOT9Y1K","Meridian Industries","#N/A","Manufacturing","#N/A"
"OVKLDLZBSYTYNVVDUE","Meridian Innovations","#N/A","Media","#N/A"
"9XJRYYJZ3PXNJLKJIY","Meridian Labs","#N/A","Education","#N/A"
"WJHIO5MAKY8FIMTFZV","Meridian Logic","#N/A","Healthcare","#N/A"
"APWQUKSYE1MQATY4XQ","Meridian Networks","#N/A","Education","#N/A"
"2EFZIZYVAQZBP6GVDR","Meridian Partners","#N/A","Technology","#N/A"
"7S665IWX3GGAP9WTFH","Meridian Services","#N/A","Real Estate","#N/A"
"TWI0PKISBXU6GAVQ1T","Meridian Solutions","#N/A","Manufacturing","#N/A"
"B4JGKOFNWDL4FLPEW8","Meridian Systems","#N/A","Real Estate","#N/A"
"VGW4BIAO86Q76KV6SG","Meridian Technologies","#N/A","Consulting","#N/A"
"N6D4OHAIQRSCOT9BJD","Meridian Ventures","#N/A","Manufacturing","#N/A"
"GMUJRYASJ8D1CIDA0M","Meridian Works","#N/A","Retail","#N/A"
"GWNNB32PUC76BXPKUN","Nexus Analytics","#N/A","Manufacturing","#N/A"
"XD55CG0PKTSVJSGBMM","Nexus Capital","#N/A","Technology","#N/A"
"MRKAJSL8EEE6C00PRE","Nexus Corp","#N/A","Healthcare","#N/A"
"WSISOAVFSVSKNEEPXL","Nexus Digital","#N/A","Consulting","#N/A"
"N4LNVOI1XSUQSRJEPN","Nexus Dynamics","#N/A","Media","#N/A"
"MLCAEDMCF3KP4VTZZR","Nexus Enterprises","#N/A","Healthcare","#N/A"
"UAQMYV4TT4BUOG29YW","Nexus Global","#N/A","Consulting","#N/A"
"VTN9IJGHWRGPCZDZVM","Nexus Group","#N/A","Energy","#N/A"
"H8IIYAGVBSQSRDUKZQ","Nexus Industries","#N/A","Manufacturing","#N/A"
"8VT77YB9WP4O5EKTRT","Nexus Innovations","#N/A","Media","#N/A"
"LVY7JDRHHFENBABYTM","Nexus Labs","#N/A","Education","#N/A"
"IBWUPFUKKRINRHQYDW","Nexus Logic","#N/A","Real Estate","#N/A"
"NRZIHAEB0SXPOHASEZ","Nexus Networks","#N/A","Real Estate","#N/A"
"QV3M9FYXGY7YWR7M3O","Nexus Partners","#N/A","Consulting","#N/A"
"KCEIMWDGC5ZR2CYSMB","Nexus Services","#N/A","Technology","#N/A"
"REWVCY0B2V7DPDBIQW","Nexus Solutions","#N/A","Education","#N/A"
"KC9L7EMYORZ1XSE7WD","Nexus Systems","#N/A","Energy","#N/A"
"KJJNKJCHB75FNUPGPN","Nexus Technologies","#N/A","Financial Services","#N/A"
"LXHKK9UYRULI1UO9RH","Nexus Ventures","#N/A","Energy","#N/A"
"1ARLT29SGTQWCMSGLY","Nexus Works","#N/A","Education","#N/A"
"ILBRU0WDT1NHSDOSZS","Nova Analytics","#N/A","Energy","#N/A"
"LHR98TAR0JCTPXC9SF","Nova Capital","#N/A","Education","#N/A"
"QMCSNBF1GAWC2JW0JJ","Nova Corp","#N/A","Technology","#N/A"
"3H7H3REDNRYIIFGSXM","Nova Digital","#N/A","Retail","#N/A"
"O318SETWUEYQNIWIDJ","Nova Dynamics","#N/A","Education","#N/A"
"SAAJLEGHRDUP7TUSUZ","Nova Enterprises","#N/A","Education","#N/A"
"1SYKGQTKH6BD86EOA1","Nova Global","#N/A","Retail","#N/A"
"PKSBC6CJZRKIP53KRM","Nova Group","#N/A","Media","#N/A"
"VXGARCDAABBM3YEU5C","Nova Industries","#N/A","Consulting","#N/A"
"R8IDIFZOVSJRHUODIJ","Nova Innovations","#N/A","Healthcare","#N/A"
"GBSKJFIQOLN6QAHZOK","Nova Labs","#N/A","Manufacturing","#N/A"
"SFLTCEE9TGYSQ0F8MO","Nova Logic","#N/A","Media","#N/A"
"GLUFMCXJXVBAEUJESB","Nova Networks","#N/A","Energy","#N/A"
"HC8YPGGZIWCTFYTGZL","Nova Partners","#N/A","Media","#N/A"
"RK2CWGDGYWNSIXXC3S","Nova Services","#N/A","Retail","#N/A"
"TJHDFYSSKIXM32UKYP","Nova Solutions","#N/A","Financial Services","#N/A"
"HPH7GOYG8RON7G0OF4","Nova Systems","#N/A","Energy","#N/A"
"XP9YNFN5A0GGIRC0O6","Nova Technologies","#N/A","Energy","#N/A"
"D8MQA4FBFELH8EFUCN","Nova Ventures","#N/A","Financial Services","#N/A"
"HBBYLANGS0DAMRTRCM","Nova Works","#N/A","Real Estate","#N/A"
"YCR0SBRICZOSBQQVX0","Onyx Analytics","#N/A","Real Estate","#N/A"
"J0D8CCZNWRHCPZWCAP","Onyx Capital","#N/A","Healthcare","#N/A"
"R8QCLAM58L7PN6JSWT","Onyx Corp","#N/A","Financial Services","#N/A"
"Y8RVKQPGUENWNBEABB","Onyx Digital","#N/A","Manufacturing","#N/A"
"LI9VWXJUDBVGGBPGD6","Onyx Dynamics","#N/A","Retail","#N/A"
"ZXAT6VQM2UMOY4PVH8","Onyx Enterprises","#N/A","Media","#N/A"
"WTV6VJNMZ08XQVSXZU","Onyx Global","#N/A","Consulting","#N/A"
"HNQ9TG72ZUOLJMZ7NF","Onyx Group","#N/A","Education","#N/A"
"SQKN9IHZK3YKITVSFS","Onyx Industries","#N/A","Healthcare","#N/A"
"SWXZLA4ZGIWL1FEW1V","Onyx Innovations","#N/A","Real Estate","#N/A"
"0K6QPJJDEZNIH15HS6","Onyx Labs","#N/A","Energy","#N/A"
"B5JPKG2AWHJLKTY92H","Onyx Logic","#N/A","Healthcare","#N/A"
"U7CU38PD0M5XFUB79C","Onyx Networks","#N/A","Technology","#N/A"
"BI11JRMRDSTIJ84BAQ","Onyx Partners","#N/A","Energy","#N/A"
"OZHNHAODARCF8HH9NT","Onyx Services","#N/A","Retail","#N/A"
"LRQQ1PXTUODQ1ORFTZ","Onyx Solutions","#N/A","Energy","#N/A"
"TAIBSEYZNCBXU5AR6Y","Onyx Systems","#N/A","Financial Services","#N/A"
"CPRSYS4CA3QFRWOYFK","Onyx Technologies","#N/A","Consulting","#N/A"
"DDNF1AMPWTYQMIYXGX","Onyx Ventures","#N/A","Media","#N/A"
"3BG5MEBW0ZAHDOYQOU","Onyx Works","#N/A","Real Estate","#N/A"
"D2JBJ5ZULHFRSKRJRX","Orbit Analytics","#N/A","Financial Services","#N/A"
"XZV7G3JUVB60RBBVXY","Orbit Capital","#N/A","Manufacturing","#N/A"
"EFTI4KVL2GQNVQLY17","Orbit Corp","#N/A","Financial Services","#N/A"
"QEHJH9SXHC3UFEWAAE","Orbit Digital","#N/A","Energy","#N/A"
"UH0H0PH0JAF8NDCHTM","Orbit Dynamics","#N/A","Retail","#N/A"
"UCGEY9HZ7VBC5GE6YZ","Orbit Enterprises","#N/A","Consulting","#N/A"
"675HODPCMTGBTUFP84","Orbit Global","#N/A","Media","#N/A"
"KWF3OYKLBVLSHQDMW9","Orbit Group","#N/A","Technology","#N/A"
"TDKTJGLQFRJ6QS70AI","Orbit Industries","#N/A","Retail","#N/A"
"AD2VPJBLGTX1B6A7GY","Orbit Innovations","#N/A","Real Estate","#N/A"
"CLXFB2MG4N1JDB1GVO","Orbit Labs","#N/A","Retail","#N/A"
"VLA8GL3NZBXOYDGLK0","Orbit Logic","#N/A","Media","#N/A"
"0SLISS4GNXDIQD34E0","Orbit Networks","#N/A","Consulting","#N/A"
"TVGXNBMNDTD5WA0AXN","Orbit Partners","#N/A","Media","#N/A"
"GRT1JIYF1QZZFJYOHK","Orbit Services","#N/A","Manufacturing","#N/A"
"DAQRODY86QPEPNYZ4T","Orbit Solutions","#N/A","Technology","#N/A"
"SP0G3YVCUGUBOMY31R","Orbit Systems","#N/A","Technology","#N/A"
"ZRSLUFZSEERVTCZW8V","Orbit Technologies","#N/A","Financial Services","#N/A"
"G63ORE246XMBVGJSRQ","Orbit Ventures","#N/A","Retail","#N/A"
"OUTGHXIGRO1BZVNSBV","Orbit Works","#N/A","Retail","#N/A"
"M7SJNM6TLR9NVEGRR2","Peak Analytics","#N/A","Media","#N/A"
"Z1UJA2VE8ITENDUVJZ","Peak Capital","#N/A","Healthcare","#N/A"
"OLA08JSI3WQTXJLWLI","Peak Corp","#N/A","Retail","#N/A"
"K2YESQ2WZFQPXZ0CRF","Peak Digital","#N/A","Energy","#N/A"
"PB8Z0L2GZEMGZLHCNT","Peak Dynamics","#N/A","Financial Services","#N/A"
"FGZAZ6FIXVYC7ISZGO","Peak Enterprises","#N/A","Media","#N/A"
"GZW2ZDZCAWSZBCRLIP","Peak Global","#N/A","Manufacturing","#N/A"
"PPPPATQG4PAQSXJAOD","Peak Group","#N/A","Technology","#N/A"
"EES0HTKQWAWPHF6ZD0","Peak Industries","#N/A","Healthcare","#N/A"
"C6JLTJVJYDYBUNE54L","Peak Innovations","#N/A","Retail","#N/A"
"WHQDUQ4LLV4G1WD7BU","Peak Labs","#N/A","Media","#N/A"
"0VQENUQCF2XXXFQ3VW","Peak Logic","#N/A","Healthcare","#N/A"
"FKMV03QLLYKSQXIJK9","Peak Networks","#N/A","Real Estate","#N/A"
"DINNTWV75JOB8HFFR0","Peak Partners","#N/A","Education","#N/A"
"VOF53JUICBTOLQCNPM","Peak Services","#N/A","Real Estate","#N/A"
"F3UIN3B9XWGY4SMW3B","Peak Solutions","#N/A","Media","#N/A"
"UEHPTOWCSC6MMKAI9S","Peak Systems","#N/A","Real Estate","#N/A"
"JTM4OEGGNT6TSXURHG","Peak Technologies","#N/A","Energy","#N/A"
"WM1C9Y0LBYODKJOT32","Peak Ventures","#N/A","Retail","#N/A"
"E0TXV9DJPGBEQ3APOF","Peak Works","#N/A","Media","#N/A"
"TAISNW3A4MK4B7FAQH","Pinnacle Analytics","Atlas Group","Healthcare","#N/A"
"NX3GYYFNRZ9UXC1GLG","Pinnacle Capital","Atlas Services","Education","#N/A"
"VWWK82BELLNEKISGRR","Pinnacle Corp","Meridian Solutions","Consulting","#N/A"
"CDW84M8VHD9IGWVZS2","Pinnacle Digital","Peak Group","Real Estate","#N/A"
"MVQ9JIAGSDILAPUYKS","Pinnacle Dynamics","Apex Partners","Technology","#N/A"
"X1HGYFXCIYESSGBMNC","Pinnacle Enterprises","Cipher Logic","Retail","#N/A"
"V6E1N8XZI5DJJ5CHGD","Pinnacle Global","Helix Solutions","Financial Services","#N/A"
"YKZE2SDX98VL1OGTZT","Pinnacle Group","Onyx Innovations","Real Estate","#N/A"
"4A9PTYRUQKCKOXFTRY","Pinnacle Industries","Peak Group","Technology","#N/A"
"DZ4DLJAKQFTAOHNMLW","Pinnacle Innovations","Forge Group","Financial Services","#N/A"
"FOWW2QS0HGZC9VS8N1","Pinnacle Labs","Catalyst Ventures","Education","#N/A"
"ZHHINQWT65PPL342CN","Pinnacle Logic","Flux Solutions","Media","#N/A"
"LJ8009AOTYDL2AL4HY","Pinnacle Networks","Onyx Ventures","Financial Services","#N/A"
"ACCLSKWEZILFV5TKRH","Pinnacle Partners","Onyx Works","Education","#N/A"
"SWJT44XLENODER1MMN","Pinnacle Services","Cascade Innovations","Financial Services","#N/A"
"4VDDPSU64GTIWF0JOD","Pinnacle Solutions","Atlas Works","Technology","#N/A"
"XUPFGWC6MZC8U1CQBY","Pinnacle Systems","Orbit Ventures","Retail","#N/A"
"9UKU2OF3HFVGTOO4OZ","Pinnacle Technologies","Nexus Global","Education","#N/A"
"YQ17GG7N0BZVE96UQO","Pinnacle Ventures","Meridian Networks","Energy","#N/A"
"Y3VJWE5YHFQYRWBITJ","Pinnacle Works","Matrix Ventures","Education","#N/A"
"FG2LDDLEXW7CE2WSXP","Prism Analytics","Cobalt Digital","Technology","#N/A"
"JADNWYZ5YZSMXQTXQP","Prism Capital","Flux Labs","Retail","#N/A"
"WORYYARCEN0VLIJUAS","Prism Corp","Orbit Ventures","Retail","#N/A"
"01ISQXOBR6GADAOFLQ","Prism Digital","Meridian Services","Consulting","#N/A"
"KUPEA544QNQH5EAKH5","Prism Dynamics","Meridian Logic","Healthcare","#N/A"
"YYXPCSA5BJNHZQQIZX","Prism Enterprises","Meridian Ventures","Consulting","#N/A"
"ADW7MRKKNL2L2JDFB0","Prism Global","Ember Partners","Manufacturing","#N/A"
"KPFLEWMPVKDMIT7SC1","Prism Group","Nexus Technologies","Financial Services","#N/A"
"SHPZWQP4B7HY25QZKQ","Prism Industries","Forge Solutions","Healthcare","#N/A"
"NZRJROZC0FXKJPFA76","Prism Innovations","Nexus Systems","Real Estate","#N/A"
"MO97EYCZOHL0FZPE51","Prism Labs","Nexus Works","Financial Services","#N/A"
"GRVJ2PK5WJYEHLVTMX","Prism Logic","Apex Innovations","Consulting","#N/A"
"YAUPPZKZPNYILDXO00","Prism Networks","Apex Systems","Education","#N/A"
"CFOOABISODBL4N8NWP","Prism Partners","Matrix Analytics","Education","#N/A"
"YP61VTIOX6ZAH5DMO9","Prism Services","Catalyst Analytics","Retail","#N/A"
"ADJQVKPUWP1Q29VCQI","Prism Solutions","Helix Systems","Retail","#N/A"
"MVPYTIWXSK7ESMHNXO","Prism Systems","Matrix Labs","Education","#N/A"
"JYBOINKEJWIXIEXXAR","Prism Technologies","Forge Capital","Healthcare","#N/A"
"CNMGQN2IUKEGRSRVF6","Prism Ventures","Helix Networks","Consulting","#N/A"
"UPOKGHDREK8ORAID2C","Prism Works","Matrix Global","Real Estate","#N/A"
"HKMBLXGKOUEJO3PPGY","Pulse Analytics","Matrix Solutions","Education","#N/A"
"WAFR2SP0KFQY2RI5X5","Pulse Capital","Apex Ventures","Financial Services","#N/A"
"OD9LLALCYDB8DIHG8H","Pulse Corp","Apex Systems","Technology","#N/A"
"ELYESQB0RYQZWN9IB1","Pulse Digital","Cipher Labs","Financial Services","#N/A"
"FVV5C1FUP1XW2XGD6R","Pulse Dynamics","Nova Enterprises","Consulting","#N/A"
"FYM3I1YTPA1BKNZN2G","Pulse Enterprises","Orbit Technologies","Retail","#N/A"
"3BTGQHVOVXYWRCKKZO","Pulse Global","Flux Solutions","Education","#N/A"
"IKBS6WIDOLDZQHEQGP","Pulse Group","Cipher Dynamics","Media","#N/A"
"09T8WJBHGWI247BHPT","Pulse Industries","Meridian Logic","Energy","#N/A"
"KBMGE1BBFXGUPKT46B","Pulse Innovations","Matrix Analytics","Education","#N/A"
"JYGMTB51W664UBB6LC","Pulse Labs","Catalyst Industries","Financial Services","#N/A"
"VMO0UUX7V3CZVKKXQ6","Pulse Logic","Flux Works","Healthcare","#N/A"
"UY83GP4JR6YFZAMTT1","Pulse Networks","Helix Works","Manufacturing","#N/A"
"LQSPLXY1LWV7OFTTNP","Pulse Partners","Meridian Innovations","Financial Services","#N/A"
"1LP5IGPBSOBA2DKTLK","Pulse Services","Cascade Systems","Consulting","#N/A"
"LYOQEMMQT4STKVXRVH","Pulse Solutions","Nova Logic","Manufacturing","#N/A"
"SQAL9KTAVZK9LKMVWD","Pulse Systems","Peak Enterprises","Manufacturing","#N/A"
"DANDFWXVUYQOA9YHGE","Pulse Technologies","Meridian Logic","Consulting","#N/A"
"CWMPVCW474C1SLJZCL","Pulse Ventures","Orbit Technologies","Real Estate","#N/A"
"T8J0IUMUZIXEEDULQT","Pulse Works","Nova Digital","Consulting","#N/A"
"JGNGLWWHQHOJDIM6Y2","Quantum Analytics","Peak Labs","Consulting","#N/A"
"8ULUO36GTKAVD5S7OD","Quantum Capital","Nexus Systems","Consulting","#N/A"
"2SI9RWIXFMP8QOLGCT","Quantum Corp","Nova Networks","Healthcare","#N/A"
"2MWB5G8ONLF50ASTDU","Quantum Digital","Meridian Analytics","Energy","#N/A"
"2FGCJZE5G5TQLVAAMT","Quantum Dynamics","Meridian Digital","Media","#N/A"
"7AJXFEHHJRQR3BE4X5","Quantum Enterprises","Nova Group","Healthcare","#N/A"
"QCJULIKQG6UTKQM45M","Quantum Global","Cipher Analytics","Healthcare","#N/A"
"7DTVWU39YVBSLRGWFM","Quantum Group","Meridian Works","Financial Services","#N/A"
"ZLTVUKKJJONZN2NQ5A","Quantum Industries","Atlas Industries","Technology","#N/A"
"9AXVZTGXH7SYXWIT6Q","Quantum Innovations","Horizon Analytics","Media","#N/A"
"IUBBM4ZTRIMXG3EEAA","Quantum Labs","Ember Services","Education","#N/A"
"WHUFCDU2MMZTKELMVA","Quantum Logic","Meridian Partners","Retail","#N/A"
"UJBT6KRXBKSQ3ELDGC","Quantum Networks","Onyx Corp","Education","#N/A"
"YN4LJCTWLYMJDRJFEM","Quantum Partners","Helix Partners","Financial Services","#N/A"
"5QVIOCBKNMJHBU1VZ8","Quantum Services","Onyx Solutions","Media","#N/A"
"NXNVEYD5TPP2BZRZ0S","Quantum Solutions","Peak Global","Real Estate","#N/A"
"VSPI624ZHQU6ORBCKR","Quantum Systems","Helix Analytics","Consulting","#N/A"
"ZZYRLPI6BL8IOOX4UP","Quantum Technologies","Flux Enterprises","Education","#N/A"
"WRHNMRQVTFMTIX8TBR","Quantum Ventures","Forge Dynamics","Financial Services","#N/A"
"X4YLNPFXMHYUT3TDRZ","Quantum Works","Atlas Logic","Retail","#N/A"
"ZWOXUAS5YL8YIHCD7M","Stellar Analytics","Apex Services","Technology","#N/A"
"0MQ81ZCREZQ3R8VIOR","Stellar Capital","Onyx Corp","Healthcare","#N/A"
"CM2SDYYSJRNKEDCYKQ","Stellar Corp","Atlas Digital","Manufacturing","#N/A"
"OCWDX1BJVUHTZWBNUF","Stellar Digital","Catalyst Enterprises","Financial Services","#N/A"
"IELDVYOCXNOLPPUXBD","Stellar Dynamics","Helix Group","Financial Services","#N/A"
"GGYAOKOD5CCKE555JI","Stellar Enterprises","Forge Ventures","Manufacturing","#N/A"
"SMQTEZCUFPGKCMEIZM","Stellar Global","Nova Ventures","Retail","#N/A"
"ZWEO2WA0JARLXSX2DN","Stellar Group","Apex Partners","Financial Services","#N/A"
"QAUGRJKFA9JIUQ3BAB","Stellar Industries","Orbit Analytics","Manufacturing","#N/A"
"YLMESPBKHVIADLXY3C","Stellar Innovations","Forge Services","Financial Services","#N/A"
"ELBIOYIMALY00EFKDO","Stellar Labs","Helix Services","Healthcare","#N/A"
"ALLDWJCK6JVXZYNHIC","Stellar Logic","Cascade Innovations","Energy","#N/A"
"FRDAXSP6DCECVVBYPJ","Stellar Networks","Horizon Works","Healthcare","#N/A"
"ZNCAWCPPOGWLG47FVF","Stellar Partners","Forge Systems","Healthcare","#N/A"
"YQW1BBLO8MH5OI01OR","Stellar Services","Helix Corp","Technology","#N/A"
"BOTPNR89RPKZFH4FBR","Stellar Solutions","Horizon Labs","Media","#N/A"
"GV2CPTCBWECHA3J51F","Stellar Systems","Forge Works","Energy","#N/A"
"ZL8P4KHLZKZP69LXPK","Stellar Technologies","Atlas Industries","Technology","#N/A"
"J8CCESP4KTA3NLDBKI","Stellar Ventures","Orbit Ventures","Manufacturing","#N/A"
"0W6HAHJOZKSXKRELWY","Stellar Works","Ember Enterprises","Healthcare","#N/A"
"IJX2EK4II3U7YKVDTK","Stratos Analytics","Ember Global","Technology","#N/A"
"TBDBZVYSIHXQHYB3UD","Stratos Capital","Ember Analytics","Consulting","#N/A"
"UVXL9IMXNFJSULWPNA","Stratos Corp","Orbit Logic","Real Estate","#N/A"
"R59ZGGEMJKNZAFC3UU","Stratos Digital","Flux Works","Technology","#N/A"
"HUTSECSDKC0VHYJGAO","Stratos Dynamics","Onyx Digital","Media","#N/A"
"EK2YGUVUBKBMAPRP64","Stratos Enterprises","Cascade Digital","Healthcare","#N/A"
"CPHBPTN3WOHOUIOKZN","Stratos Global","Peak Networks","Retail","#N/A"
"OQDQA7KZM6RS4R04YU","Stratos Group","Atlas Partners","Technology","#N/A"
"DPJGE11J78S6ADVHFW","Stratos Industries","Flux Systems","Healthcare","#N/A"
"FTPR09WTXLKM7DQSE8","Stratos Innovations","Cascade Ventures","Retail","#N/A"
"7YNBAUQCYVRH96CXN1","Stratos Labs","Forge Networks","Technology","#N/A"
"QVBGHDX4TYY90RAXTT","Stratos Logic","Cipher Global","Healthcare","#N/A"
"MUS1JNNSMXVQBS5JAH","Stratos Networks","Apex Labs","Healthcare","#N/A"
"0D7XAVPDXPDE4F9ZY8","Stratos Partners","Nexus Solutions","Real Estate","#N/A"
"JGWPGDDNXOMJ2WUILX","Stratos Services","Forge Global","Manufacturing","#N/A"
"X1UVAPXHE9XPTZIEGC","Stratos Solutions","Apex Works","Real Estate","#N/A"
"NCXAVKAROTOEZASQKX","Stratos Systems","Matrix Solutions","Manufacturing","#N/A"
"HCBF9CL2TWB2PUG8NV","Stratos Technologies","Orbit Systems","Financial Services","#N/A"
"ZI33OJIVKWQKIDTJNS","Stratos Ventures","Horizon Systems","Education","#N/A"
"HXPUOEAS44RBZBHYLY","Stratos Works","Nova Labs","Technology","#N/A"
"7K0O5JRZXGAJL1E7CN","Summit Analytics","Nexus Digital","Healthcare","#N/A"
"NPOTJ9XGOLFUHEK8HM","Summit Capital","Horizon Solutions","Financial Services","#N/A"
"KVDEMR06QJ2ZO1NZCO","Summit Corp","Ember Systems","Retail","#N/A"
"QH18IFU5VJSSUAGS4S","Summit Digital","Apex Labs","Real Estate","#N/A"
"FH1LLL8K19GTWVO0YA","Summit Dynamics","Peak Systems","Education","#N/A"
"U49S2OJOKNDEHBJBFU","Summit Enterprises","Meridian Analytics","Education","#N/A"
"NWRUPKENIFVZNDZ2DO","Summit Global","Onyx Capital","Financial Services","#N/A"
"MCDNMYVW23G12BJ7IE","Summit Group","Apex Logic","Consulting","#N/A"
"XSSPJCV3V9ATHVWM4A","Summit Industries","Forge Corp","Real Estate","#N/A"
"9HKIXVD3JWVYFEPCVS","Summit Innovations","Helix Partners","Manufacturing","#N/A"
"JYXRV4XGNYQ5EMUPF0","Summit Labs","Nova Networks","Consulting","#N/A"
"WCXKAMLUS61DA0SYWB","Summit Logic","Helix Works","Real Estate","#N/A"
"ECLSPA02VISVEQGXQT","Summit Networks","Forge Enterprises","Healthcare","#N/A"
"BGQTIGLNZSMKYYR6JA","Summit Partners","Nova Partners","Healthcare","#N/A"
"LOYQN6YXLE0JHNDQLB","Summit Services","Cascade Labs","Real Estate","#N/A"
"FA72TJFEQ4TPC8WPVI","Summit Solutions","Meridian Labs","Technology","#N/A"
"IEGOYWCWGR230O2VAQ","Summit Systems","Cascade Logic","Consulting","#N/A"
"AA362QQVKXYHQ8YWP7","Summit Technologies","Peak Partners","Manufacturing","#N/A"
"PE4ZRRZAZNIUBVSNQV","Summit Ventures","Peak Enterprises","Manufacturing","#N/A"
"DSBBD1KHZBMVQENI6K","Summit Works","Cobalt Enterprises","Retail","#N/A"
"AFSE2H8XMSWSSYQWZT","Titan Analytics","Forge Networks","Financial Services","#N/A"
"VBRTGQXDQLJSY5DPZX","Titan Capital","Meridian Services","Consulting","#N/A"
"IV1TFCWLMWN3FNXDHU","Titan Corp","Meridian Technologies","Technology","#N/A"
"MB2LMFOKWPJCEIRMFS","Titan Digital","Peak Capital","Healthcare","#N/A"
"DTAHDBYLKLJT9POBAJ","Titan Dynamics","Forge Partners","Manufacturing","#N/A"
"FW3VBYVZIYWHYKXSE3","Titan Enterprises","Cipher Enterprises","Consulting","#N/A"
"JKHJYSY7L3ENA4X34O","Titan Global","Onyx Services","Media","#N/A"
"CHY7BEQITSAQU4ZHDR","Titan Group","Flux Partners","Education","#N/A"
"37KCVQIVHAHOFK4KPZ","Titan Industries","Helix Global","Real Estate","#N/A"
"DZYS5D0XHT7420OSCU","Titan Innovations","Matrix Digital","Financial Services","#N/A"
"OMDKSARGIKAVHUVQMP","Titan Labs","Pulse Logic","Media","#N/A"
"PZ8PYLWYIPYXC3XYM6","Titan Logic","Summit Group","Healthcare","#N/A"
"CD7ANHXNVTEF1UBREI","Titan Networks","Pinnacle Works","Financial Services","#N/A"
"GMDYN2WTO4S12ESXZ3","Titan Partners","Summit Technologies","Education","#N/A"
"NNPPKPQCA2G4PLUHJC","Titan Services","Pulse Services","Energy","#N/A"
"9MWWRBCITHKGOHXH6L","Titan Solutions","Quantum Partners","Energy","#N/A"
"WD4MMJEI5OUZ2P2YYK","Titan Systems","Quantum Group","Manufacturing","#N/A"
"SY2K2ZTLQPCC0QXY3V","Titan Technologies","Pinnacle Networks","Consulting","#N/A"
"JFR72OLP2C7W2PVBWQ","Titan Ventures","Quantum Systems","Manufacturing","#N/A"
"UO9EXNVEHJ6MN4POZF","Titan Works","Titan Global","Energy","#N/A"
"2TZCIOSKVMWUJCOQSI","Vanguard Analytics","Stratos Corp","Healthcare","#N/A"
"CIGY7XJIQOM6FFAZTG","Vanguard Capital","Pulse Technologies","Education","#N/A"
"OGVHMFXX7XX75RQIGJ","Vanguard Corp","Prism Digital","Healthcare","#N/A"
"8QBXE2ET7ZEZGFPRWV","Vanguard Digital","Titan Industries","Media","#N/A"
"YPQBX7FIPAA7UL95JW","Vanguard Dynamics","Prism Dynamics","Healthcare","#N/A"
"QHW1MUDW2FD53DIGSR","Vanguard Enterprises","Stellar Global","Consulting","#N/A"
"CKJHUYAAFU5VENDYXC","Vanguard Global","Quantum Innovations","Financial Services","#N/A"
"YWOVPIVWNDMFYLJQLY","Vanguard Group","Pinnacle Technologies","Media","#N/A"
"T8KEDC7DJ5BILONVPV","Vanguard Industries","Titan Enterprises","Education","#N/A"
"Z4T8JPSFUBAAEZMF2Z","Vanguard Innovations","Summit Solutions","Retail","#N/A"
"GD2CCAMWY4XYCPLH9L","Vanguard Labs","Summit Capital","Consulting","#N/A"
"YLHKSQZDQTNCCSMWWR","Vanguard Logic","Stratos Innovations","Technology","#N/A"
"SJVTGNYB44PK7C072Z","Vanguard Networks","Pulse Partners","Healthcare","#N/A"
"ZZCEC8QVYU2BWHMENH","Vanguard Partners","Stellar Industries","Education","#N/A"
"QEE0QRK4R8TF9KEOPQ","Vanguard Services","Pinnacle Works","Media","#N/A"
"KZL41WIFCHL9YEJBH8","Vanguard Solutions","Quantum Technologies","Healthcare","#N/A"
"6O8HNYBCSJKIZZXFUK","Vanguard Systems","Summit Innovations","Energy","#N/A"
"JVM4KDL6QARJYDO7NL","Vanguard Technologies","Quantum Systems","Retail","#N/A"
"QJ8MZIYNDADVW1EX1J","Vanguard Ventures","Stratos Labs","Media","#N/A"
"5KTGYDJDJ7JQVPGCR9","Vanguard Works","Summit Ventures","Real Estate","#N/A"
"47A8M1PTNRYFOMHUVW","Vector Analytics","Stellar Analytics","Retail","#N/A"
"RN7R43B1OCT4JXILLL","Vector Capital","Pulse Logic","Media","#N/A"
"WAB3TCDTYIG9CWSDE4","Vector Corp","Stratos Global","Manufacturing","#N/A"
"GFAGQBUGFS0IUJFBZB","Vector Digital","Stratos Corp","Consulting","#N/A"
"UVRMOLGOXWJ2JA3FDQ","Vector Dynamics","Quantum Dynamics","Energy","#N/A"
"NM33LEWO2M8WULNGTA","Vector Enterprises","Summit Logic","Retail","#N/A"
"DUXAKNZAX6DZXOSV6T","Vector Global","Stratos Systems","Energy","#N/A"
"2EAQMWTHXWDLDNWKYQ","Vector Group","Titan Analytics","Manufacturing","#N/A"
"KXKCDZGG2E9UAVUHTH","Vector Industries","Pulse Global","Healthcare","#N/A"
"BP6CHDPXAGLSES2PGB","Vector Innovations","Pinnacle Dynamics","Media","#N/A"
"DG1VHYV2S1LOGOWAUG","Vector Labs","Summit Networks","Education","#N/A"
"10JA1ERNMM5ZOS8KIL","Vector Logic","Pulse Group","Financial Services","#N/A"
"WAGV4D2QIO6PUW81A8","Vector Networks","Titan Group","Technology","#N/A"
"D74EAMMTMBVULFXD0U","Vector Partners","Summit Group","Media","#N/A"
"EG45NUNAY1OPREQZPX","Vector Services","Pulse Services","Healthcare","#N/A"
"1QO0UF8IDINL280SL8","Vector Solutions","Stratos Works","Energy","#N/A"
"HJN6FUNJ8KIYDHPKNZ","Vector Systems","Quantum Industries","Media","#N/A"
"U2CLV7RMXZRBFTZHTJ","Vector Technologies","Summit Systems","Consulting","#N/A"
"3ZHO9HAEXMYHVQB71G","Vector Ventures","Stratos Logic","Healthcare","#N/A"
"DBAHV7A28GCPUZZA0X","Vector Works","Titan Dynamics","Healthcare","#N/A"
"0UGE27MNEVQWAPCTRN","Vertex Analytics","Pinnacle Solutions","Financial Services","#N/A"
"PTFTCEJQHHAQHGRBY8","Vertex Capital","Summit Partners","Energy","#N/A"
"YDN9UFPIMBVWB7IUOZ","Vertex Corp","Pulse Logic","Energy","#N/A"
"93QM1ONR4HTYAQ2BVU","Vertex Digital","Stellar Partners","Real Estate","#N/A"
"UJPGS8OWQZBJ3WWWF5","Vertex Dynamics","Stratos Ventures","Healthcare","#N/A"
"SOV9PETLWTXXGRZZ6T","Vertex Enterprises","Prism Technologies","Financial Services","#N/A"
"GCMYETEUKN0ILBBGNE","Vertex Global","Quantum Capital","Healthcare","#N/A"
"S80DBEBGVQNB2TDJ43","Vertex Group","Prism Ventures","Education","#N/A"
"VGJKYV3T9YQ5KYFKD1","Vertex Industries","Quantum Systems","Manufacturing","#N/A"
"IUAJTJIZNIG2LC0WFC","Vertex Innovations","Stratos Logic","Education","#N/A"
"IHB9TPRNGMNOIQ8QGO","Vertex Labs","Vanguard Systems","Manufacturing","#N/A"
"KZZ9OQ3WVYAAR7SVLD","Vertex Logic","Vanguard Labs","Real Estate","#N/A"
"WLLRSFU40S6G4T9CFE","Vertex Networks","Vertex Enterprises","Energy","#N/A"
"KQ6ASD44ZH0RJDQYLW","Vertex Partners","Vertex Digital","Healthcare","#N/A"
"K01KZYXIVHRG1AN3OF","Vertex Services","Vertex Industries","Manufacturing","#N/A"
"VWZKBE4M7GBJ4RGDUE","Vertex Solutions","Titan Services","Energy","#N/A"
"39F670L4UISG8SUYN7","Vertex Systems","Vector Labs","Media","#N/A"
"FCY9QOWQUKPEH5VLNK","Vertex Technologies","Vanguard Digital","Retail","#N/A"
"LCJGUQ81Y969IRQUQA","Vertex Ventures","Vertex Dynamics","Real Estate","#N/A"
"GZA6IZRTSTCXX2UIEB","Vertex Works","Vanguard Systems","Real Estate","#N/A"
"XUGAB3EUM5MMCI406M","Zenith Analytics","Vanguard Group","Retail","#N/A"
"3AIIIZGY851YI2XXQ4","Zenith Capital","Vertex Corp","Energy","#N/A"
"UGHNJ7KWVNGI3RQMJB","Zenith Corp","Vanguard Industries","Education","#N/A"
"BOXXWAVOZ8W2MUNOB5","Zenith Digital","Vector Logic","Media","#N/A"
"ZYWZ4WLFYUZINMIVLD","Zenith Dynamics","Vanguard Analytics","Real Estate","#N/A"
"GSVHP1Q251SLV8TSDY","Zenith Enterprises","Vanguard Global","Energy","#N/A"
"01LPOKLL8ZNDBIVX7F","Zenith Global","Vector Partners","Media","#N/A"
"XAAWB9R2YOPPATRPT9","Zenith Group","Vector Industries","Consulting","#N/A"
"VS2YF81JKZWTC2CO4L","Zenith Industries","Vanguard Enterprises","Retail","#N/A"
"IRVNK0AIFY9BOIEEB1","Zenith Innovations","Vanguard Solutions","Financial Services","#N/A"
"Y3X336AUI74VOWX69D","Zenith Labs","Vanguard Enterprises","Media","#N/A"
"UDOQAWAFTN7YQWTWBC","Zenith Logic","Titan Technologies","Healthcare","#N/A"
"EAIACLPYVBDKVAACPM","Zenith Networks","Titan Works","Healthcare","#N/A"
"HRV4VDGY2SV313EAAQ","Zenith Partners","Vanguard Corp","Retail","#N/A"
"DCFXBYYHFK8SLHL3MW","Zenith Services","Titan Logic","Media","#N/A"
"GVO4VKDEGPFJJSQWYD","Zenith Solutions","Vanguard Enterprises","Media","#N/A"
"2PFLRVI5KOQGAAPKZE","Zenith Systems","Vertex Capital","Manufacturing","#N/A"
"BT3BOUC6K6LGCOGRRQ","Zenith Technologies","Vertex Corp","Financial Services","#N/A"
"WHD2NQSUHS49WKJQXZ","Zenith Ventures","Vanguard Innovations","Technology","#N/A"
"M6ACL83GKZJDVJK4UL","Zenith Works","Vanguard Works","Healthcare","#N/A"
