"Id","Name","Industry","Errors"
"001Ka00004bYVDNIA4","Apex Analytics","Real Estate","#N/A"
"001Ka00004bYVDOIA4","Apex Capital","Consulting","#N/A"
"001Ka00004bYVDPIA4","Apex Corp","Manufacturing","#N/A"
"001Ka00004bYVDQIA4","Apex Digital","Healthcare","#N/A"
"001Ka00004bYVDRIA4","Apex Dynamics","Energy","#N/A"
"001Ka00004bYVDSIA4","Apex Enterprises","Consulting","#N/A"
"001Ka00004bYVDTIA4","Apex Global","Media","#N/A"
"001Ka00004bYVDUIA4","Apex Group","Manufacturing","#N/A"
"001Ka00004bYVDVIA4","Apex Industries","Real Estate","#N/A"
"001Ka00004bYVDWIA4","Apex Innovations","Media","#N/A"
"001Ka00004bYVDXIA4","Apex Labs","Media","#N/A"
"001Ka00004bYVDYIA4","Apex Logic","Retail","#N/A"
"001Ka00004bYVDZIA4","Apex Networks","Technology","#N/A"
"001Ka00004bYVDaIAO","Apex Partners","Energy","#N/A"
"001Ka00004bYVDbIAO","Apex Services","Manufacturing","#N/A"
"001Ka00004bYVDcIAO","Apex Solutions","Manufacturing","#N/A"
"001Ka00004bYVDdIAO","Apex Systems","Education","#N/A"
"001Ka00004bYVDeIAO","Apex Technologies","Energy","#N/A"
"001Ka00004bYVDfIAO","Apex Ventures","Real Estate","#N/A"
"001Ka00004bYVDgIAO","Apex Works","Manufacturing","#N/A"
"001Ka00004bYVDhIAO","Atlas Analytics","Real Estate","#N/A"
"001Ka00004bYVDiIAO","Atlas Capital","Financial Services","#N/A"
"001Ka00004bYVDjIAO","Atlas Corp","Real Estate","#N/A"
"001Ka00004bYVDkIAO","Atlas Digital","Technology","#N/A"
"001Ka00004bYVDlIAO","Atlas Dynamics","Energy","#N/A"
"001Ka00004bYVDmIAO","Atlas Enterprises","Technology","#N/A"
"001Ka00004bYVDnIAO","Atlas Global","Technology","#N/A"
"001Ka00004bYVDoIAO","Atlas Group","Media","#N/A"
"001Ka00004bYVDpIAO","Atlas Industries","Consulting","#N/A"
"001Ka00004bYVDqIAO","Atlas Innovations","Technology","#N/A"
"001Ka00004bYVDrIAO","Atlas Labs","Energy","#N/A"
"001Ka00004bYVDsIAO","Atlas Logic","Consulting","#N/A"
"001Ka00004bYVDtIAO","Atlas Networks","Energy","#N/A"
"001Ka00004bYVDuIAO","Atlas Partners","Media","#N/A"
"001Ka00004bYVDvIAO","Atlas Services","Healthcare","#N/A"
"001Ka00004bYVDwIAO","Atlas Solutions","Media","#N/A"
"001Ka00004bYVDxIAO","Atlas Systems","Media","#N/A"
"001Ka00004bYVDyIAO","Atlas Technologies","Manufacturing","#N/A"
"001Ka00004bYVDzIAO","Atlas Ventures","Healthcare","#N/A"
"001Ka00004bYVE0IAO","Atlas Works","Consulting","#N/A"
"001Ka00004bYVE1IAO","Cascade Analytics","Technology","#N/A"
"001Ka00004bYVE2IAO","Cascade Capital","Energy","#N/A"
"001Ka00004bYVE3IAO","Cascade Corp","Manufacturing","#N/A"
"001Ka00004bYVE4IAO","Cascade Digital","Financial Services","#N/A"
"001Ka00004bYVE5IAO","Cascade Dynamics","Education","#N/A"
"001Ka00004bYVE6IAO","Cascade Enterprises","Retail","#N/A"
"001Ka00004bYVE7IAO","Cascade Global","Manufacturing","#N/A"
"001Ka00004bYVE8IAO","Cascade Group","Healthcare","#N/A"
"001Ka00004bYVE9IAO","Cascade Industries","Technology","#N/A"
"001Ka00004bYVEAIA4","Cascade Innovations","Media","#N/A"
"001Ka00004bYVEBIA4","Cascade Labs","Retail","#N/A"
"001Ka00004bYVECIA4","Cascade Logic","Financial Services","#N/A"
"001Ka00004bYVEDIA4","Cascade Networks","Media","#N/A"
"001Ka00004bYVEEIA4","Cascade Partners","Real Estate","#N/A"
"001Ka00004bYVEFIA4","Cascade Services","Real Estate","#N/A"
"001Ka00004bYVEGIA4","Cascade Solutions","Technology","#N/A"
"001Ka00004bYVEHIA4","Cascade Systems","Media","#N/A"
"001Ka00004bYVEIIA4","Cascade Technologies","Media","#N/A"
"001Ka00004bYVEJIA4","Cascade Ventures","Financial Services","#N/A"
"001Ka00004bYVEKIA4","Cascade Works","Energy","#N/A"
"001Ka00004bYVELIA4","Catalyst Analytics","Financial Services","#N/A"
"001Ka00004bYVEMIA4","Catalyst Capital","Education","#N/A"
"001Ka00004bYVENIA4","Catalyst Corp","Media","#N/A"
"001Ka00004bYVEOIA4","Catalyst Digital","Technology","#N/A"
"001Ka00004bYVEPIA4","Catalyst Dynamics","Healthcare","#N/A"
"001Ka00004bYVEQIA4","Catalyst Enterprises","Energy","#N/A"
"001Ka00004bYVERIA4","Catalyst Global","Education","#N/A"
"001Ka00004bYVESIA4","Catalyst Group","Consulting","#N/A"
"001Ka00004bYVETIA4","Catalyst Industries","Technology","#N/A"
"001Ka00004bYVEUIA4","Catalyst Innovations","Retail","#N/A"
"001Ka00004bYVEVIA4","Catalyst Labs","Energy","#N/A"
"001Ka00004bYVEWIA4","Catalyst Logic","Retail","#N/A"
"001Ka00004bYVEXIA4","Catalyst Networks","Real Estate","#N/A"
"001Ka00004bYVEYIA4","Catalyst Partners","Consulting","#N/A"
"001Ka00004bYVEZIA4","Catalyst Services","Real Estate","#N/A"
"001Ka00004bYVEaIAO","Catalyst Solutions","Manufacturing","#N/A"
"001Ka00004bYVEbIAO","Catalyst Systems","Healthcare","#N/A"
"001Ka00004bYVEcIAO","Catalyst Technologies","Real Estate","#N/A"
"001Ka00004bYVEdIAO","Catalyst Ventures","Education","#N/A"
"001Ka00004bYVEeIAO","Catalyst Works","Technology","#N/A"
"001Ka00004bYVEfIAO","Cipher Analytics","Consulting","#N/A"
"001Ka00004bYVEgIAO","Cipher Capital","Education","#N/A"
"001Ka00004bYVEhIAO","Cipher Corp","Technology","#N/A"
"001Ka00004bYVEiIAO","Cipher Digital","Healthcare","#N/A"
"001Ka00004bYVEjIAO","Cipher Dynamics","Energy","#N/A"
"001Ka00004bYVEkIAO","Cipher Enterprises","Education","#N/A"
"001Ka00004bYVElIAO","Cipher Global","Media","#N/A"
"001Ka00004bYVEmIAO","Cipher Group","Real Estate","#N/A"
"001Ka00004bYVEnIAO","Cipher Industries","Technology","#N/A"
"001Ka00004bYVEoIAO","Cipher Innovations","Education","#N/A"
"001Ka00004bYVEpIAO","Cipher Labs","Education","#N/A"
"001Ka00004bYVEqIAO","Cipher Logic","Financial Services","#N/A"
"001Ka00004bYVErIAO","Cipher Networks","Consulting","#N/A"
"001Ka00004bYVEsIAO","Cipher Partners","Healthcare","#N/A"
"001Ka00004bYVEtIAO","Cipher Services","Consulting","#N/A"
"001Ka00004bYVEuIAO","Cipher Solutions","Manufacturing","#N/A"
"001Ka00004bYVEvIAO","Cipher Systems","Financial Services","#N/A"
"001Ka00004bYVEwIAO","Cipher Technologies","Education","#N/A"
"001Ka00004bYVExIAO","Cipher Ventures","Manufacturing","#N/A"
"001Ka00004bYVEyIAO","Cipher Works","Consulting","#N/A"
"001Ka00004bYVEzIAO","Cobalt Analytics","Healthcare","#N/A"
"001Ka00004bYVF0IAO","Cobalt Capital","Media","#N/A"
"001Ka00004bYVF1IAO","Cobalt Corp","Real Estate","#N/A"
"001Ka00004bYVF2IAO","Cobalt Digital","Manufacturing","#N/A"
"001Ka00004bYVF3IAO","Cobalt Dynamics","Manufacturing","#N/A"
"001Ka00004bYVF4IAO","Cobalt Enterprises","Education","#N/A"
"001Ka00004bYVF5IAO","Cobalt Global","Education","#N/A"
"001Ka00004bYVF6IAO","Cobalt Group","Retail","#N/A"
"001Ka00004bYVF7IAO","Cobalt Industries","Consulting","#N/A"
"001Ka00004bYVF8IAO","Cobalt Innovations","Energy","#N/A"
"001Ka00004bYVF9IAO","Cobalt Labs","Retail","#N/A"
"001Ka00004bYVFAIA4","Cobalt Logic","Technology","#N/A"
"001Ka00004bYVFBIA4","Cobalt Networks","Healthcare","#N/A"
"001Ka00004bYVFCIA4","Cobalt Partners","Education","#N/A"
"001Ka00004bYVFDIA4","Cobalt Services","Education","#N/A"
"001Ka00004bYVFEIA4","Cobalt Solutions","Media","#N/A"
"001Ka00004bYVFFIA4","Cobalt Systems","Media","#N/A"
"001Ka00004bYVFGIA4","Cobalt Technologies","Consulting","#N/A"
"001Ka00004bYVFHIA4","Cobalt Ventures","Consulting","#N/A"
"001Ka00004bYVFIIA4","Cobalt Works","Healthcare","#N/A"
"001Ka00004bYVFJIA4","Ember Analytics","Media","#N/A"
"001Ka00004bYVFKIA4","Ember Capital","Consulting","#N/A"
"001Ka00004bYVFLIA4","Ember Corp","Consulting","#N/A"
"001Ka00004bYVFMIA4","Ember Digital","Retail","#N/A"
"001Ka00004bYVFNIA4","Ember Dynamics","Media","#N/A"
"001Ka00004bYVFOIA4","Ember Enterprises","Real Estate","#N/A"
"001Ka00004bYVFPIA4","Ember Global","Education","#N/A"
"001Ka00004bYVFQIA4","Ember Group","Healthcare","#N/A"
"001Ka00004bYVFRIA4","Ember Industries","Manufacturing","#N/A"
"001Ka00004bYVFSIA4","Ember Innovations","Media","#N/A"
"001Ka00004bYVFTIA4","Ember Labs","Healthcare","#N/A"
"001Ka00004bYVFUIA4","Ember Logic","Healthcare","#N/A"
"001Ka00004bYVFVIA4","Ember Networks","Energy","#N/A"
"001Ka00004bYVFWIA4","Ember Partners","Financial Services","#N/A"
"001Ka00004bYVFXIA4","Ember Services","Retail","#N/A"
"001Ka00004bYVFYIA4","Ember Solutions","Healthcare","#N/A"
"001Ka00004bYVFZIA4","Ember Systems","Healthcare","#N/A"
"001Ka00004bYVFaIAO","Ember Technologies","Financial Services","#N/A"
"001Ka00004bYVFbIAO","Ember Ventures","Retail","#N/A"
"001Ka00004bYVFcIAO","Ember Works","Healthcare","#N/A"
"001Ka00004bYVFdIAO","Flux Analytics","Financial Services","#N/A"
"001Ka00004bYVFeIAO","Flux Capital","Media","#N/A"
"001Ka00004bYVFfIAO","Flux Corp","Financial Services","#N/A"
"001Ka00004bYVFgIAO","Flux Digital","Manufacturing","#N/A"
"001Ka00004bYVFhIAO","Flux Dynamics","Consulting","#N/A"
"001Ka00004bYVFiIAO","Flux Enterprises","Technology","#N/A"
"001Ka00004bYVFjIAO","Flux Global","Retail","#N/A"
"001Ka00004bYVFkIAO","Flux Group","Energy","#N/A"
"001Ka00004bYVFlIAO","Flux Industries","Consulting","#N/A"
"001Ka00004bYVFmIAO","Flux Innovations","Financial Services","#N/A"
"001Ka00004bYVFnIAO","Flux Labs","Media","#N/A"
"001Ka00004bYVFoIAO","Flux Logic","Education","#N/A"
"001Ka00004bYVFpIAO","Flux Networks","Energy","#N/A"
"001Ka00004bYVFqIAO","Flux Partners","Media","#N/A"
"001Ka00004bYVFrIAO","Flux Services","Technology","#N/A"
"001Ka00004bYVFsIAO","Flux Solutions","Retail","#N/A"
"001Ka00004bYVFtIAO","Flux Systems","Manufacturing","#N/A"
"001Ka00004bYVFuIAO","Flux Technologies","Healthcare","#N/A"
"001Ka00004bYVFvIAO","Flux Ventures","Technology","#N/A"
"001Ka00004bYVFwIAO","Flux Works","Manufacturing","#N/A"
"001Ka00004bYVFxIAO","Forge Analytics","Consulting","#N/A"
"001Ka00004bYVFyIAO","Forge Capital","Education","#N/A"
"001Ka00004bYVFzIAO","Forge Corp","Energy","#N/A"
"001Ka00004bYVG0IAO","Forge Digital","Real Estate","#N/A"
"001Ka00004bYVG1IAO","Forge Dynamics","Education","#N/A"
"001Ka00004bYVG2IAO","Forge Enterprises","Education","#N/A"
"001Ka00004bYVG3IAO","Forge Global","Media","#N/A"
"001Ka00004bYVG4IAO","Forge Group","Real Estate","#N/A"
"001Ka00004bYVG5IAO","Forge Industries","Consulting","#N/A"
"001Ka00004bYVG6IAO","Forge Innovations","Consulting","#N/A"
"001Ka00004bYVG7IAO","Forge Labs","Media","#N/A"
"001Ka00004bYVG8IAO","Forge Logic","Media","#N/A"
"001Ka00004bYVG9IAO","Forge Networks","Retail","#N/A"
"001Ka00004bYVGAIA4","Forge Partners","Real Estate","#N/A"
"001Ka00004bYVGBIA4","Forge Services","Financial Services","#N/A"
"001Ka00004bYVGCIA4","Forge Solutions","Retail","#N/A"
"001Ka00004bYVGDIA4","Forge Systems","Financial Services","#N/A"
"001Ka00004bYVGEIA4","Forge Technologies","Retail","#N/A"
"001Ka00004bYVGFIA4","Forge Ventures","Manufacturing","#N/A"
"001Ka00004bYVGGIA4","Forge Works","Media","#N/A"
"001Ka00004bYVGHIA4","Helix Analytics","Education","#N/A"
"001Ka00004bYVGIIA4","Helix Capital","Retail","#N/A"
"001Ka00004bYVGJIA4","Helix Corp","Technology","#N/A"
"001Ka00004bYVGKIA4","Helix Digital","Financial Services","#N/A"
"001Ka00004bYVGLIA4","Helix Dynamics","Education","#N/A"
"001Ka00004bYVGMIA4","Helix Enterprises","Retail","#N/A"
"001Ka00004bYVGNIA4","Helix Global","Media","#N/A"
"001Ka00004bYVGOIA4","Helix Group","Financial Services","#N/A"
"001Ka00004bYVGPIA4","Helix Industries","Real Estate","#N/A"
"001Ka00004bYVGQIA4","Helix Innovations","Financial Services","#N/A"
"001Ka00004bYVGRIA4","Helix Labs","Consulting","#N/A"
"001Ka00004bYVGSIA4","Helix Logic","Retail","#N/A"
"001Ka00004bYVGTIA4","Helix Networks","Financial Services","#N/A"
"001Ka00004bYVGUIA4","Helix Partners","Financial Services","#N/A"
"001Ka00004bYVGVIA4","Helix Services","Financial Services","#N/A"
"001Ka00004bYVGWIA4","Helix Solutions","Financial Services","#N/A"
"001Ka00004bYVGXIA4","Helix Systems","Manufacturing","#N/A"
"001Ka00004bYVGYIA4","Helix Technologies","Healthcare","#N/A"
"001Ka00004bYVGZIA4","Helix Ventures","Technology","#N/A"
"001Ka00004bYVGaIAO","Helix Works","Education","#N/A"
"001Ka00004bYVGbIAO","Horizon Analytics","Real Estate","#N/A"
"001Ka00004bYVGcIAO","Horizon Capital","Financial Services","#N/A"
"001Ka00004bYVGdIAO","Horizon Corp","Media","#N/A"
"001Ka00004bYVGeIAO","Horizon Digital","Retail","#N/A"
"001Ka00004bYVGfIAO","Horizon Dynamics","Education","#N/A"
"001Ka00004bYVGgIAO","Horizon Enterprises","Financial Services","#N/A"
"001Ka00004bYVGhIAO","Horizon Global","Manufacturing","#N/A"
"001Ka00004bYVGiIAO","Horizon Group","Consulting","#N/A"
"001Ka00004bYVGjIAO","Horizon Industries","Technology","#N/A"
"001Ka00004bYVGkIAO","Horizon Innovations","Education","#N/A"
"001Ka00004bYVGlIAO","Horizon Labs","Education","#N/A"
"001Ka00004bYVGmIAO","Horizon Logic","Financial Services","#N/A"
"001Ka00004bYVGnIAO","Horizon Networks","Education","#N/A"
"001Ka00004bYVGoIAO","Horizon Partners","Media","#N/A"
"001Ka00004bYVGpIAO","Horizon Services","Consulting","#N/A"
"001Ka00004bYVGqIAO","Horizon Solutions","Financial Services","#N/A"
"001Ka00004bYVGrIAO","Horizon Systems","Consulting","#N/A"
"001Ka00004bYVGsIAO","Horizon Technologies","Retail","#N/A"
"001Ka00004bYVGtIAO","Horizon Ventures","Healthcare","#N/A"
"001Ka00004bYVGuIAO","Horizon Works","Technology","#N/A"
"001Ka00004bYVGvIAO","Matrix Analytics","Energy","#N/A"
"001Ka00004bYVGwIAO","Matrix Capital","Media","#N/A"
"001Ka00004bYVGxIAO","Matrix Corp","Financial Services","#N/A"
"001Ka00004bYVGyIAO","Matrix Digital","Media","#N/A"
"001Ka00004bYVGzIAO","Matrix Dynamics","Education","#N/A"
"001Ka00004bYVH0IAO","Matrix Enterprises","Financial Services","#N/A"
"001Ka00004bYVH1IAO","Matrix Global","Technology","#N/A"
"001Ka00004bYVH2IAO","Matrix Group","Consulting","#N/A"
"001Ka00004bYVH3IAO","Matrix Industries","Consulting","#N/A"
"001Ka00004bYVH4IAO","Matrix Innovations","Education","#N/A"
"001Ka00004bYVH5IAO","Matrix Labs","Retail","#N/A"
"001Ka00004bYVH6IAO","Matrix Logic","Media","#N/A"
"001Ka00004bYVH7IAO","Matrix Networks","Retail","#N/A"
"001Ka00004bYVH8IAO","Matrix Partners","Real Estate","#N/A"
"001Ka00004bYVH9IAO","Matrix Services","Financial Services","#N/A"
"001Ka00004bYVHAIA4","Matrix Solutions","Real Estate","#N/A"
"001Ka00004bYVHBIA4","Matrix Systems","Media","#N/A"
"001Ka00004bYVHCIA4","Matrix Technologies","Education","#N/A"
"001Ka00004bYVHDIA4","Matrix Ventures","Healthcare","#N/A"
"001Ka00004bYVHEIA4","Matrix Works","Media","#N/A"
"001Ka00004bYVHFIA4","Meridian Analytics","Technology","#N/A"
"001Ka00004bYVHGIA4","Meridian Capital","Financial Services","#N/A"
"001Ka00004bYVHHIA4","Meridian Corp","Consulting","#N/A"
"001Ka00004bYVHIIA4","Meridian Digital","Healthcare","#N/A"
"001Ka00004bYVHJIA4","Meridian Dynamics","Retail","#N/A"
"001Ka00004bYVHKIA4","Meridian Enterprises","Technology","#N/A"
"001Ka00004bYVHLIA4","Meridian Global","Energy","#N/A"
"001Ka00004bYVHMIA4","Meridian Group","Real Estate","#N/A"
"001Ka00004bYVHNIA4","Meridian Industries","Manufacturing","#N/A"
"001Ka00004bYVHOIA4","Meridian Innovations","Media","#N/A"
"001Ka00004bYVHPIA4","Meridian Labs","Education","#N/A"
"001Ka00004bYVHQIA4","Meridian Logic","Healthcare","#N/A"
"001Ka00004bYVHRIA4","Meridian Networks","Education","#N/A"
"001Ka00004bYVHSIA4","Meridian Partners","Technology","#N/A"
"001Ka00004bYVHTIA4","Meridian Services","Real Estate","#N/A"
"001Ka00004bYVHUIA4","Meridian Solutions","Manufacturing","#N/A"
"001Ka00004bYVHVIA4","Meridian Systems","Real Estate","#N/A"
"001Ka00004bYVHWIA4","Meridian Technologies","Consulting","#N/A"
"001Ka00004bYVHXIA4","Meridian Ventures","Manufacturing","#N/A"
"001Ka00004bYVHYIA4","Meridian Works","Retail","#N/A"
"001Ka00004bYVHZIA4","Nexus Analytics","Manufacturing","#N/A"
"001Ka00004bYVHaIAO","Nexus Capital","Technology","#N/A"
"001Ka00004bYVHbIAO","Nexus Corp","Healthcare","#N/A"
"001Ka00004bYVHcIAO","Nexus Digital","Consulting","#N/A"
"001Ka00004bYVHdIAO","Nexus Dynamics","Media","#N/A"
"001Ka00004bYVHeIAO","Nexus Enterprises","Healthcare","#N/A"
"001Ka00004bYVHfIAO","Nexus Global","Consulting","#N/A"
"001Ka00004bYVHgIAO","Nexus Group","Energy","#N/A"
"001Ka00004bYVHhIAO","Nexus Industries","Manufacturing","#N/A"
"001Ka00004bYVHiIAO","Nexus Innovations","Media","#N/A"
"001Ka00004bYVHjIAO","Nexus Labs","Education","#N/A"
"001Ka00004bYVHkIAO","Nexus Logic","Real Estate","#N/A"
"001Ka00004bYVHlIAO","Nexus Networks","Real Estate","#N/A"
"001Ka00004bYVHmIAO","Nexus Partners","Consulting","#N/A"
"001Ka00004bYVHnIAO","Nexus Services","Technology","#N/A"
"001Ka00004bYVHoIAO","Nexus Solutions","Education","#N/A"
"001Ka00004bYVHpIAO","Nexus Systems","Energy","#N/A"
"001Ka00004bYVHqIAO","Nexus Technologies","Financial Services","#N/A"
"001Ka00004bYVHrIAO","Nexus Ventures","Energy","#N/A"
"001Ka00004bYVHsIAO","Nexus Works","Education","#N/A"
"001Ka00004bYVHtIAO","Nova Analytics","Energy","#N/A"
"001Ka00004bYVHuIAO","Nova Capital","Education","#N/A"
"001Ka00004bYVHvIAO","Nova Corp","Technology","#N/A"
"001Ka00004bYVHwIAO","Nova Digital","Retail","#N/A"
"001Ka00004bYVHxIAO","Nova Dynamics","Education","#N/A"
"001Ka00004bYVHyIAO","Nova Enterprises","Education","#N/A"
"001Ka00004bYVHzIAO","Nova Global","Retail","#N/A"
"001Ka00004bYVI0IAO","Nova Group","Media","#N/A"
"001Ka00004bYVI1IAO","Nova Industries","Consulting","#N/A"
"001Ka00004bYVI2IAO","Nova Innovations","Healthcare","#N/A"
"001Ka00004bYVI3IAO","Nova Labs","Manufacturing","#N/A"
"001Ka00004bYVI4IAO","Nova Logic","Media","#N/A"
"001Ka00004bYVI5IAO","Nova Networks","Energy","#N/A"
"001Ka00004bYVI6IAO","Nova Partners","Media","#N/A"
"001Ka00004bYVI7IAO","Nova Services","Retail","#N/A"
"001Ka00004bYVI8IAO","Nova Solutions","Financial Services","#N/A"
"001Ka00004bYVI9IAO","Nova Systems","Energy","#N/A"
"001Ka00004bYVIAIA4","Nova Technologies","Energy","#N/A"
"001Ka00004bYVIBIA4","Nova Ventures","Financial Services","#N/A"
"001Ka00004bYVICIA4","Nova Works","Real Estate","#N/A"
"001Ka00004bYVIDIA4","Onyx Analytics","Real Estate","#N/A"
"001Ka00004bYVIEIA4","Onyx Capital","Healthcare","#N/A"
"001Ka00004bYVIFIA4","Onyx Corp","Financial Services","#N/A"
"001Ka00004bYVIGIA4","Onyx Digital","Manufacturing","#N/A"
"001Ka00004bYVIHIA4","Onyx Dynamics","Retail","#N/A"
"001Ka00004bYVIIIA4","Onyx Enterprises","Media","#N/A"
"001Ka00004bYVIJIA4","Onyx Global","Consulting","#N/A"
"001Ka00004bYVIKIA4","Onyx Group","Education","#N/A"
"001Ka00004bYVILIA4","Onyx Industries","Healthcare","#N/A"
"001Ka00004bYVIMIA4","Onyx Innovations","Real Estate","#N/A"
"001Ka00004bYVINIA4","Onyx Labs","Energy","#N/A"
"001Ka00004bYVIOIA4","Onyx Logic","Healthcare","#N/A"
"001Ka00004bYVIPIA4","Onyx Networks","Technology","#N/A"
"001Ka00004bYVIQIA4","Onyx Partners","Energy","#N/A"
"001Ka00004bYVIRIA4","Onyx Services","Retail","#N/A"
"001Ka00004bYVISIA4","Onyx Solutions","Energy","#N/A"
"001Ka00004bYVITIA4","Onyx Systems","Financial Services","#N/A"
"001Ka00004bYVIUIA4","Onyx Technologies","Consulting","#N/A"
"001Ka00004bYVIVIA4","Onyx Ventures","Media","#N/A"
"001Ka00004bYVIWIA4","Onyx Works","Real Estate","#N/A"
"001Ka00004bYVIXIA4","Orbit Analytics","Financial Services","#N/A"
"001Ka00004bYVIYIA4","Orbit Capital","Manufacturing","#N/A"
"001Ka00004bYVIZIA4","Orbit Corp","Financial Services","#N/A"
"001Ka00004bYVIaIAO","Orbit Digital","Energy","#N/A"
"001Ka00004bYVIbIAO","Orbit Dynamics","Retail","#N/A"
"001Ka00004bYVIcIAO","Orbit Enterprises","Consulting","#N/A"
"001Ka00004bYVIdIAO","Orbit Global","Media","#N/A"
"001Ka00004bYVIeIAO","Orbit Group","Technology","#N/A"
"001Ka00004bYVIfIAO","Orbit Industries","Retail","#N/A"
"001Ka00004bYVIgIAO","Orbit Innovations","Real Estate","#N/A"
"001Ka00004bYVIhIAO","Orbit Labs","Retail","#N/A"
"001Ka00004bYVIiIAO","Orbit Logic","Media","#N/A"
"001Ka00004bYVIjIAO","Orbit Networks","Consulting","#N/A"
"001Ka00004bYVIkIAO","Orbit Partners","Media","#N/A"
"001Ka00004bYVIlIAO","Orbit Services","Manufacturing","#N/A"
"001Ka00004bYVImIAO","Orbit Solutions","Technology","#N/A"
"001Ka00004bYVInIAO","Orbit Systems","Technology","#N/A"
"001Ka00004bYVIoIAO","Orbit Technologies","Financial Services","#N/A"
"001Ka00004bYVIpIAO","Orbit Ventures","Retail","#N/A"
"001Ka00004bYVIqIAO","Orbit Works","Retail","#N/A"
"001Ka00004bYVIrIAO","Peak Analytics","Media","#N/A"
"001Ka00004bYVIsIAO","Peak Capital","Healthcare","#N/A"
"001Ka00004bYVItIAO","Peak Corp","Retail","#N/A"
"001Ka00004bYVIuIAO","Peak Digital","Energy","#N/A"
"001Ka00004bYVIvIAO","Peak Dynamics","Financial Services","#N/A"
"001Ka00004bYVIwIAO","Peak Enterprises","Media","#N/A"
"001Ka00004bYVIxIAO","Peak Global","Manufacturing","#N/A"
"001Ka00004bYVIyIAO","Peak Group","Technology","#N/A"
"001Ka00004bYVIzIAO","Peak Industries","Healthcare","#N/A"
"001Ka00004bYVJ0IAO","Peak Innovations","Retail","#N/A"
"001Ka00004bYVJ1IAO","Peak Labs","Media","#N/A"
"001Ka00004bYVJ2IAO","Peak Logic","Healthcare","#N/A"
"001Ka00004bYVJ3IAO","Peak Networks","Real Estate","#N/A"
"001Ka00004bYVJ4IAO","Peak Partners","Education","#N/A"
"001Ka00004bYVJ5IAO","Peak Services","Real Estate","#N/A"
"001Ka00004bYVJ6IAO","Peak Solutions","Media","#N/A"
"001Ka00004bYVJ7IAO","Peak Systems","Real Estate","#N/A"
"001Ka00004bYVJ8IAO","Peak Technologies","Energy","#N/A"
"001Ka00004bYVJ9IAO","Peak Ventures","Retail","#N/A"
"001Ka00004bYVJAIA4","Peak Works","Media","#N/A"
"001Ka00004bYVJBIA4","Pinnacle Analytics","Healthcare","#N/A"
"001Ka00004bYVJCIA4","Pinnacle Capital","Education","#N/A"
"001Ka00004bYVJDIA4","Pinnacle Corp","Consulting","#N/A"
"001Ka00004bYVJEIA4","Pinnacle Digital","Real Estate","#N/A"
"001Ka00004bYVJFIA4","Pinnacle Dynamics","Technology","#N/A"
"001Ka00004bYVJGIA4","Pinnacle Enterprises","Retail","#N/A"
"001Ka00004bYVJHIA4","Pinnacle Global","Financial Services","#N/A"
"001Ka00004bYVJIIA4","Pinnacle Group","Real Estate","#N/A"
"001Ka00004bYVJJIA4","Pinnacle Industries","Technology","#N/A"
"001Ka00004bYVJKIA4","Pinnacle Innovations","Financial Services","#N/A"
"001Ka00004bYVJLIA4","Pinnacle Labs","Education","#N/A"
"001Ka00004bYVJMIA4","Pinnacle Logic","Media","#N/A"
"001Ka00004bYVJNIA4","Pinnacle Networks","Financial Services","#N/A"
"001Ka00004bYVJOIA4","Pinnacle Partners","Education","#N/A"
"001Ka00004bYVJPIA4","Pinnacle Services","Financial Services","#N/A"
"001Ka00004bYVJQIA4","Pinnacle Solutions","Technology","#N/A"
"001Ka00004bYVJRIA4","Pinnacle Systems","Retail","#N/A"
"001Ka00004bYVJSIA4","Pinnacle Technologies","Education","#N/A"
"001Ka00004bYVJTIA4","Pinnacle Ventures","Energy","#N/A"
"001Ka00004bYVJUIA4","Pinnacle Works","Education","#N/A"
"001Ka00004bYVJVIA4","Prism Analytics","Technology","#N/A"
"001Ka00004bYVJWIA4","Prism Capital","Retail","#N/A"
"001Ka00004bYVJXIA4","Prism Corp","Retail","#N/A"
"001Ka00004bYVJYIA4","Prism Digital","Consulting","#N/A"
"001Ka00004bYVJZIA4","Prism Dynamics","Healthcare","#N/A"
"001Ka00004bYVJaIAO","Prism Enterprises","Consulting","#N/A"
"001Ka00004bYVJbIAO","Prism Global","Manufacturing","#N/A"
"001Ka00004bYVJcIAO","Prism Group","Financial Services","#N/A"
"001Ka00004bYVJdIAO","Prism Industries","Healthcare","#N/A"
"001Ka00004bYVJeIAO","Prism Innovations","Real Estate","#N/A"
"001Ka00004bYVJfIAO","Prism Labs","Financial Services","#N/A"
"001Ka00004bYVJgIAO","Prism Logic","Consulting","#N/A"
"001Ka00004bYVJhIAO","Prism Networks","Education","#N/A"
"001Ka00004bYVJiIAO","Prism Partners","Education","#N/A"
"001Ka00004bYVJjIAO","Prism Services","Retail","#N/A"
"001Ka00004bYVJkIAO","Prism Solutions","Retail","#N/A"
"001Ka00004bYVJlIAO","Prism Systems","Education","#N/A"
"001Ka00004bYVJmIAO","Prism Technologies","Healthcare","#N/A"
"001Ka00004bYVJnIAO","Prism Ventures","Consulting","#N/A"
"001Ka00004bYVJoIAO","Prism Works","Real Estate","#N/A"
"001Ka00004bYVJpIAO","Pulse Analytics","Education","#N/A"
"001Ka00004bYVJqIAO","Pulse Capital","Financial Services","#N/A"
"001Ka00004bYVJrIAO","Pulse Corp","Technology","#N/A"
"001Ka00004bYVJsIAO","Pulse Digital","Financial Services","#N/A"
"001Ka00004bYVJtIAO","Pulse Dynamics","Consulting","#N/A"
"001Ka00004bYVJuIAO","Pulse Enterprises","Retail","#N/A"
"001Ka00004bYVJvIAO","Pulse Global","Education","#N/A"
"001Ka00004bYVJwIAO","Pulse Group","Media","#N/A"
"001Ka00004bYVJxIAO","Pulse Industries","Energy","#N/A"
"001Ka00004bYVJyIAO","Pulse Innovations","Education","#N/A"
"001Ka00004bYVJzIAO","Pulse Labs","Financial Services","#N/A"
"001Ka00004bYVK0IAO","Pulse Logic","Healthcare","#N/A"
"001Ka00004bYVK1IAO","Pulse Networks","Manufacturing","#N/A"
"001Ka00004bYVK2IAO","Pulse Partners","Financial Services","#N/A"
"001Ka00004bYVK3IAO","Pulse Services","Consulting","#N/A"
"001Ka00004bYVK4IAO","Pulse Solutions","Manufacturing","#N/A"
"001Ka00004bYVK5IAO","Pulse Systems","Manufacturing","#N/A"
"001Ka00004bYVK6IAO","Pulse Technologies","Consulting","#N/A"
"001Ka00004bYVK7IAO","Pulse Ventures","Real Estate","#N/A"
"001Ka00004bYVK8IAO","Pulse Works","Consulting","#N/A"
"001Ka00004bYVK9IAO","Quantum Analytics","Consulting","#N/A"
"001Ka00004bYVKAIA4","Quantum Capital","Consulting","#N/A"
"001Ka00004bYVKBIA4","Quantum Corp","Healthcare","#N/A"
"001Ka00004bYVKCIA4","Quantum Digital","Energy","#N/A"
"001Ka00004bYVKDIA4","Quantum Dynamics","Media","#N/A"
"001Ka00004bYVKEIA4","Quantum Enterprises","Healthcare","#N/A"
"001Ka00004bYVKFIA4","Quantum Global","Healthcare","#N/A"
"001Ka00004bYVKGIA4","Quantum Group","Financial Services","#N/A"
"001Ka00004bYVKHIA4","Quantum Industries","Technology","#N/A"
"001Ka00004bYVKIIA4","Quantum Innovations","Media","#N/A"
"001Ka00004bYVKJIA4","Quantum Labs","Education","#N/A"
"001Ka00004bYVKKIA4","Quantum Logic","Retail","#N/A"
"001Ka00004bYVKLIA4","Quantum Networks","Education","#N/A"
"001Ka00004bYVKMIA4","Quantum Partners","Financial Services","#N/A"
"001Ka00004bYVKNIA4","Quantum Services","Media","#N/A"
"001Ka00004bYVKOIA4","Quantum Solutions","Real Estate","#N/A"
"001Ka00004bYVKPIA4","Quantum Systems","Consulting","#N/A"
"001Ka00004bYVKQIA4","Quantum Technologies","Education","#N/A"
"001Ka00004bYVKRIA4","Quantum Ventures","Financial Services","#N/A"
"001Ka00004bYVKSIA4","Quantum Works","Retail","#N/A"
"001Ka00004bYVKTIA4","Stellar Analytics","Technology","#N/A"
"001Ka00004bYVKUIA4","Stellar Capital","Healthcare","#N/A"
"001Ka00004bYVKVIA4","Stellar Corp","Manufacturing","#N/A"
"001Ka00004bYVKWIA4","Stellar Digital","Financial Services","#N/A"
"001Ka00004bYVKXIA4","Stellar Dynamics","Financial Services","#N/A"
"001Ka00004bYVKYIA4","Stellar Enterprises","Manufacturing","#N/A"
"001Ka00004bYVKZIA4","Stellar Global","Retail","#N/A"
"001Ka00004bYVKaIAO","Stellar Group","Financial Services","#N/A"
"001Ka00004bYVKbIAO","Stellar Industries","Manufacturing","#N/A"
"001Ka00004bYVKcIAO","Stellar Innovations","Financial Services","#N/A"
"001Ka00004bYVKdIAO","Stellar Labs","Healthcare","#N/A"
"001Ka00004bYVKeIAO","Stellar Logic","Energy","#N/A"
"001Ka00004bYVKfIAO","Stellar Networks","Healthcare","#N/A"
"001Ka00004bYVKgIAO","Stellar Partners","Healthcare","#N/A"
"001Ka00004bYVKhIAO","Stellar Services","Technology","#N/A"
"001Ka00004bYVKiIAO","Stellar Solutions","Media","#N/A"
"001Ka00004bYVKjIAO","Stellar Systems","Energy","#N/A"
"001Ka00004bYVKkIAO","Stellar Technologies","Technology","#N/A"
"001Ka00004bYVKlIAO","Stellar Ventures","Manufacturing","#N/A"
"001Ka00004bYVKmIAO","Stellar Works","Healthcare","#N/A"
"001Ka00004bYVKnIAO","Stratos Analytics","Technology","#N/A"
"001Ka00004bYVKoIAO","Stratos Capital","Consulting","#N/A"
"001Ka00004bYVKpIAO","Stratos Corp","Real Estate","#N/A"
"001Ka00004bYVKqIAO","Stratos Digital","Technology","#N/A"
"001Ka00004bYVKrIAO","Stratos Dynamics","Media","#N/A"
"001Ka00004bYVKsIAO","Stratos Enterprises","Healthcare","#N/A"
"001Ka00004bYVKtIAO","Stratos Global","Retail","#N/A"
"001Ka00004bYVKuIAO","Stratos Group","Technology","#N/A"
"001Ka00004bYVKvIAO","Stratos Industries","Healthcare","#N/A"
"001Ka00004bYVKwIAO","Stratos Innovations","Retail","#N/A"
"001Ka00004bYVKxIAO","Stratos Labs","Technology","#N/A"
"001Ka00004bYVKyIAO","Stratos Logic","Healthcare","#N/A"
"001Ka00004bYVKzIAO","Stratos Networks","Healthcare","#N/A"
"001Ka00004bYVL0IAO","Stratos Partners","Real Estate","#N/A"
"001Ka00004bYVL1IAO","Stratos Services","Manufacturing","#N/A"
"001Ka00004bYVL2IAO","Stratos Solutions","Real Estate","#N/A"
"001Ka00004bYVL3IAO","Stratos Systems","Manufacturing","#N/A"
"001Ka00004bYVL4IAO","Stratos Technologies","Financial Services","#N/A"
"001Ka00004bYVL5IAO","Stratos Ventures","Education","#N/A"
"001Ka00004bYVL6IAO","Stratos Works","Technology","#N/A"
"001Ka00004bYVL7IAO","Summit Analytics","Healthcare","#N/A"
"001Ka00004bYVL8IAO","Summit Capital","Financial Services","#N/A"
"001Ka00004bYVL9IAO","Summit Corp","Retail","#N/A"
"001Ka00004bYVLAIA4","Summit Digital","Real Estate","#N/A"
"001Ka00004bYVLBIA4","Summit Dynamics","Education","#N/A"
"001Ka00004bYVLCIA4","Summit Enterprises","Education","#N/A"
"001Ka00004bYVLDIA4","Summit Global","Financial Services","#N/A"
"001Ka00004bYVLEIA4","Summit Group","Consulting","#N/A"
"001Ka00004bYVLFIA4","Summit Industries","Real Estate","#N/A"
"001Ka00004bYVLGIA4","Summit Innovations","Manufacturing","#N/A"
"001Ka00004bYVLHIA4","Summit Labs","Consulting","#N/A"
"001Ka00004bYVLIIA4","Summit Logic","Real Estate","#N/A"
"001Ka00004bYVLJIA4","Summit Networks","Healthcare","#N/A"
"001Ka00004bYVLKIA4","Summit Partners","Healthcare","#N/A"
"001Ka00004bYVLLIA4","Summit Services","Real Estate","#N/A"
"001Ka00004bYVLMIA4","Summit Solutions","Technology","#N/A"
"001Ka00004bYVLNIA4","Summit Systems","Consulting","#N/A"
"001Ka00004bYVLOIA4","Summit Technologies","Manufacturing","#N/A"
"001Ka00004bYVLPIA4","Summit Ventures","Manufacturing","#N/A"
"001Ka00004bYVLQIA4","Summit Works","Retail","#N/A"
"001Ka00004bYVLRIA4","Titan Analytics","Financial Services","#N/A"
"001Ka00004bYVLSIA4","Titan Capital","Consulting","#N/A"
"001Ka00004bYVLTIA4","Titan Corp","Technology","#N/A"
"001Ka00004bYVLUIA4","Titan Digital","Healthcare","#N/A"
"001Ka00004bYVLVIA4","Titan Dynamics","Manufacturing","#N/A"
"001Ka00004bYVLWIA4","Titan Enterprises","Consulting","#N/A"
"001Ka00004bYVLXIA4","Titan Global","Media","#N/A"
"001Ka00004bYVLYIA4","Titan Group","Education","#N/A"
"001Ka00004bYVLZIA4","Titan Industries","Real Estate","#N/A"
"001Ka00004bYVLaIAO","Titan Innovations","Financial Services","#N/A"
"001Ka00004bYVLbIAO","Titan Labs","Media","#N/A"
"001Ka00004bYVLcIAO","Titan Logic","Healthcare","#N/A"
"001Ka00004bYVLdIAO","Titan Networks","Financial Services","#N/A"
"001Ka00004bYVLeIAO","Titan Partners","Education","#N/A"
"001Ka00004bYVLfIAO","Titan Services","Energy","#N/A"
"001Ka00004bYVLgIAO","Titan Solutions","Energy","#N/A"
"001Ka00004bYVLhIAO","Titan Systems","Manufacturing","#N/A"
"001Ka00004bYVLiIAO","Titan Technologies","Consulting","#N/A"
"001Ka00004bYVLjIAO","Titan Ventures","Manufacturing","#N/A"
"001Ka00004bYVLkIAO","Titan Works","Energy","#N/A"
"001Ka00004bYVLlIAO","Vanguard Analytics","Healthcare","#N/A"
"001Ka00004bYVLmIAO","Vanguard Capital","Education","#N/A"
"001Ka00004bYVLnIAO","Vanguard Corp","Healthcare","#N/A"
"001Ka00004bYVLoIAO","Vanguard Digital","Media","#N/A"
"001Ka00004bYVLpIAO","Vanguard Dynamics","Healthcare","#N/A"
"001Ka00004bYVLqIAO","Vanguard Enterprises","Consulting","#N/A"
"001Ka00004bYVLrIAO","Vanguard Global","Financial Services","#N/A"
"001Ka00004bYVLsIAO","Vanguard Group","Media","#N/A"
"001Ka00004bYVLtIAO","Vanguard Industries","Education","#N/A"
"001Ka00004bYVLuIAO","Vanguard Innovations","Retail","#N/A"
"001Ka00004bYVLvIAO","Vanguard Labs","Consulting","#N/A"
"001Ka00004bYVLwIAO","Vanguard Logic","Technology","#N/A"
"001Ka00004bYVLxIAO","Vanguard Networks","Healthcare","#N/A"
"001Ka00004bYVLyIAO","Vanguard Partners","Education","#N/A"
"001Ka00004bYVLzIAO","Vanguard Services","Media","#N/A"
"001Ka00004bYVM0IAO","Vanguard Solutions","Healthcare","#N/A"
"001Ka00004bYVM1IAO","Vanguard Systems","Energy","#N/A"
"001Ka00004bYVM2IAO","Vanguard Technologies","Retail","#N/A"
"001Ka00004bYVM3IAO","Vanguard Ventures","Media","#N/A"
"001Ka00004bYVM4IAO","Vanguard Works","Real Estate","#N/A"
"001Ka00004bYVM5IAO","Vector Analytics","Retail","#N/A"
"001Ka00004bYVM6IAO","Vector Capital","Media","#N/A"
"001Ka00004bYVM7IAO","Vector Corp","Manufacturing","#N/A"
"001Ka00004bYVM8IAO","Vector Digital","Consulting","#N/A"
"001Ka00004bYVM9IAO","Vector Dynamics","Energy","#N/A"
"001Ka00004bYVMAIA4","Vector Enterprises","Retail","#N/A"
"001Ka00004bYVMBIA4","Vector Global","Energy","#N/A"
"001Ka00004bYVMCIA4","Vector Group","Manufacturing","#N/A"
"001Ka00004bYVMDIA4","Vector Industries","Healthcare","#N/A"
"001Ka00004bYVMEIA4","Vector Innovations","Media","#N/A"
"001Ka00004bYVMFIA4","Vector Labs","Education","#N/A"
"001Ka00004bYVMGIA4","Vector Logic","Financial Services","#N/A"
"001Ka00004bYVMHIA4","Vector Networks","Technology","#N/A"
"001Ka00004bYVMIIA4","Vector Partners","Media","#N/A"
"001Ka00004bYVMJIA4","Vector Services","Healthcare","#N/A"
"001Ka00004bYVMKIA4","Vector Solutions","Energy","#N/A"
"001Ka00004bYVMLIA4","Vector Systems","Media","#N/A"
"001Ka00004bYVMMIA4","Vector Technologies","Consulting","#N/A"
"001Ka00004bYVMNIA4","Vector Ventures","Healthcare","#N/A"
"001Ka00004bYVMOIA4","Vector Works","Healthcare","#N/A"
"001Ka00004bYVMPIA4","Vertex Analytics","Financial Services","#N/A"
"001Ka00004bYVMQIA4","Vertex Capital","Energy","#N/A"
"001Ka00004bYVMRIA4","Vertex Corp","Energy","#N/A"
"001Ka00004bYVMSIA4","Vertex Digital","Real Estate","#N/A"
"001Ka00004bYVMTIA4","Vertex Dynamics","Healthcare","#N/A"
"001Ka00004bYVMUIA4","Vertex Enterprises","Financial Services","#N/A"
"001Ka00004bYVMVIA4","Vertex Global","Healthcare","#N/A"
"001Ka00004bYVMWIA4","Vertex Group","Education","#N/A"
"001Ka00004bYVMXIA4","Vertex Industries","Manufacturing","#N/A"
"001Ka00004bYVMYIA4","Vertex Innovations","Education","#N/A"
"001Ka00004bYVMZIA4","Vertex Labs","Manufacturing","#N/A"
"001Ka00004bYVMaIAO","Vertex Logic","Real Estate","#N/A"
"001Ka00004bYVMbIAO","Vertex Networks","Energy","#N/A"
"001Ka00004bYVMcIAO","Vertex Partners","Healthcare","#N/A"
"001Ka00004bYVMdIAO","Vertex Services","Manufacturing","#N/A"
"001Ka00004bYVMeIAO","Vertex Solutions","Energy","#N/A"
"001Ka00004bYVMfIAO","Vertex Systems","Media","#N/A"
"001Ka00004bYVMgIAO","Vertex Technologies","Retail","#N/A"
"001Ka00004bYVMhIAO","Vertex Ventures","Real Estate","#N/A"
"001Ka00004bYVMiIAO","Vertex Works","Real Estate","#N/A"
"001Ka00004bYVMjIAO","Zenith Analytics","Retail","#N/A"
"001Ka00004bYVMkIAO","Zenith Capital","Energy","#N/A"
"001Ka00004bYVMlIAO","Zenith Corp","Education","#N/A"
"001Ka00004bYVMmIAO","Zenith Digital","Media","#N/A"
"001Ka00004bYVMnIAO","Zenith Dynamics","Real Estate","#N/A"
"001Ka00004bYVMoIAO","Zenith Enterprises","Energy","#N/A"
"001Ka00004bYVMpIAO","Zenith Global","Media","#N/A"
"001Ka00004bYVMqIAO","Zenith Group","Consulting","#N/A"
"001Ka00004bYVMrIAO","Zenith Industries","Retail","#N/A"
"001Ka00004bYVMsIAO","Zenith Innovations","Financial Services","#N/A"
"001Ka00004bYVMtIAO","Zenith Labs","Media","#N/A"
"001Ka00004bYVMuIAO","Zenith Logic","Healthcare","#N/A"
"001Ka00004bYVMvIAO","Zenith Networks","Healthcare","#N/A"
"001Ka00004bYVMwIAO","Zenith Partners","Retail","#N/A"
"001Ka00004bYVMxIAO","Zenith Services","Media","#N/A"
"001Ka00004bYVMyIAO","Zenith Solutions","Media","#N/A"
"001Ka00004bYVMzIAO","Zenith Systems","Manufacturing","#N/A"
"001Ka00004bYVN0IAO","Zenith Technologies","Financial Services","#N/A"
"001Ka00004bYVN1IAO","Zenith Ventures","Technology","#N/A"
"001Ka00004bYVN2IAO","Zenith Works","Healthcare","#N/A"
